id;data_inversa;dia_semana;horario;br;km;municipio;causa_acidente;tipo_acidente;classificacao_acidente;fase_dia;sentido_via;condicao_metereologica;tipo_pista;tracado_via;uso_solo;pessoas;mortos;feridos_leves;feridos_graves;ilesos;ignorados;feridos;veiculos;latitude;longitude
188738.0;2019-02-01;sexta-feira;21:44:00;101.0;213;IBIRACU;Desobediência às normas de trânsito pelo condutor;Colisão lateral;Com Vítimas Feridas;Plena Noite;Crescente;Nublado;Simples;Reta;Sim;3;0;1;0;2;0;1;2;-19.79655;-40.36699
199270.0;2019-02-01;sexta-feira;18:00:00;101.0;213.3;IBIRACU;Falta de Atenção do Pedestre;Atropelamento de Pedestre;Com Vítimas Feridas;Anoitecer;Crescente;Sol;Simples;Reta;Não;2;0;1;0;1;0;1;1;-19.82628;-40.36905
188585.0;2019-02-01;sexta-feira;07:00:00;262.0;112.3;VENDA NOVA DO IMIGRANTE;Falta de Atenção à Condução;Colisão lateral;Com Vítimas Feridas;Pleno dia;Crescente;Céu Claro;Simples;Reta;Não;3;0;2;0;1;0;2;2;-20.3372;-41.201
188651.0;2019-02-01;sexta-feira;16:30:00;101.0;0.5;SERRA;Falta de Atenção à Condução;Colisão traseira;Com Vítimas Feridas;Pleno dia;Decrescente;Sol;Dupla;Reta;Sim;2;0;1;0;1;0;1;2;-20.2376;-40.2778
188850.0;2019-02-02;sábado;12:30:00;262.0;56;MARECHAL FLORIANO;Condutor Dormindo;Saída de leito carroçável;Com Vítimas Feridas;Pleno dia;Decrescente;Céu Claro;Simples;Não Informado;Não;5;0;5;0;0;0;5;1;-20.4109;-40.7541
188949.0;2019-02-02;sábado;20:20:00;101.0;293;CARIACICA;Velocidade Incompatível;Tombamento;Com Vítimas Feridas;Plena Noite;Crescente;Céu Claro;Dupla;Retorno Regulamentado;Sim;2;0;1;0;1;0;1;1;-20.30688;-40.39518
188933.0;2019-02-02;sábado;17:30:00;262.0;1;CARIACICA;Falta de Atenção à Condução;Colisão traseira;Com Vítimas Feridas;Pleno dia;Decrescente;Céu Claro;Múltipla;Interseção de vias;Sim;2;0;1;0;1;0;1;2;-20.3286;-40.355
188921.0;2019-02-02;sábado;18:30:00;101.0;237;SERRA;Ingestão de Álcool;Queda de ocupante de veículo;Com Vítimas Feridas;Anoitecer;Decrescente;Céu Claro;Simples;Interseção de vias;Sim;1;0;0;1;0;0;1;1;-20.0066;-40.4115
188815.0;2019-02-02;sábado;09:30:00;101.0;262;SERRA;Falta de Atenção à Condução;Colisão lateral;Com Vítimas Feridas;Pleno dia;Crescente;Céu Claro;Dupla;Interseção de vias;Não;2;0;0;1;1;0;1;2;-20.15942;-40.27618
188804.0;2019-02-02;sábado;08:00:00;101.0;255.8;SERRA;Defeito Mecânico no Veículo;Queda de ocupante de veículo;Com Vítimas Feridas;Pleno dia;Decrescente;Sol;Simples;Reta;Sim;2;0;2;0;0;0;2;1;-20.11883;-40.31155
188792.0;2019-02-02;sábado;06:50:00;101.0;160.3;LINHARES;Desobediência às normas de trânsito pelo condutor;Colisão frontal;Sem Vítimas;Amanhecer;Decrescente;Céu Claro;Simples;Reta;Não;2;0;0;0;1;1;0;2;-19.48065;-40.11609
188787.0;2019-02-02;sábado;05:30:00;101.0;99;SOORETAMA;Falta de Atenção à Condução;Colisão frontal;Com Vítimas Fatais;Pleno dia;Decrescente;Céu Claro;Simples;Reta;Não;4;1;0;1;2;0;1;4;-18.97821;-39.99453
188772.0;2019-02-02;sábado;04:00:00;101.0;269.5;SERRA;Ingestão de Álcool;Colisão com objeto estático;Sem Vítimas;Amanhecer;Crescente;Céu Claro;Múltipla;Reta;Sim;1;0;0;0;1;0;0;1;-20.22104;-40.27047
197960.0;2019-02-02;sábado;19:05:00;101.0;287;CARIACICA;Falta de Atenção à Condução;Colisão transversal;Com Vítimas Fatais;Anoitecer;Decrescente;Céu Claro;Dupla;Reta;Sim;5;1;0;0;4;0;0;3;-20.25764;-40.37718
189017.0;2019-02-03;domingo;08:00:00;262.0;19;VIANA;Desobediência às normas de trânsito pelo condutor;Colisão frontal;Com Vítimas Feridas;Pleno dia;Crescente;Sol;Simples;Reta;Sim;3;0;0;2;1;0;2;2;-20.3932;-40.4863
189037.0;2019-02-03;domingo;10:30:00;262.0;101;VENDA NOVA DO IMIGRANTE;Falta de Atenção à Condução;Queda de ocupante de veículo;Com Vítimas Feridas;Pleno dia;Crescente;Sol;Simples;Desvio Temporário;Não;1;0;1;0;0;0;1;1;-20.3438;-41.1098
189068.0;2019-02-03;domingo;13:50:00;447.0;12;VILA VELHA;Falta de Atenção à Condução;Colisão com objeto estático;Sem Vítimas;Pleno dia;Crescente;Céu Claro;Dupla;Reta;Sim;1;0;0;0;0;1;0;1;-20.3514;-40.334
189093.0;2019-02-03;domingo;16:00:00;101.0;138.7;LINHARES;Falta de Atenção à Condução;Colisão transversal;Com Vítimas Feridas;Pleno dia;Crescente;Sol;Simples;Reta;Não;3;0;1;1;1;0;2;2;-19.28295;-40.08705
189118.0;2019-02-03;domingo;17:10:00;101.0;253.7;SERRA;Falta de Atenção à Condução;Colisão traseira;Com Vítimas Feridas;Pleno dia;Crescente;Sol;Simples;Reta;Não;3;0;1;0;1;1;1;2;-20.10639;-40.33098
189171.0;2019-02-03;domingo;19:30:00;101.0;100.6;JAGUARE;Sinalização da via insuficiente ou inadequada;Danos eventuais;Sem Vítimas;Plena Noite;Decrescente;Céu Claro;Simples;Reta;Não;3;0;0;0;1;2;0;1;-18.99121;-39.99932
189014.0;2019-02-03;domingo;06:00:00;262.0;35;DOMINGOS MARTINS;Falta de Atenção à Condução;Queda de ocupante de veículo;Com Vítimas Feridas;Amanhecer;Decrescente;Sol;Simples;Reta;Não;1;0;0;1;0;0;1;1;-20.3773;-40.5947
189236.0;2019-02-04;segunda-feira;07:49:00;101.0;376.5;ICONHA;Falta de Atenção à Condução;Colisão transversal;Com Vítimas Feridas;Pleno dia;Decrescente;Sol;Simples;Curva;Sim;2;0;0;1;1;0;1;2;-20.79214;-40.80508
189232.0;2019-02-04;segunda-feira;06:45:00;259.0;58;COLATINA;Falta de Atenção à Condução;Colisão transversal;Com Vítimas Feridas;Pleno dia;Crescente;Céu Claro;Simples;Reta;Sim;2;0;1;0;1;0;1;2;-19.51447;-40.66079
189255.0;2019-02-04;segunda-feira;09:10:00;101.0;147.1;LINHARES;Falta de Atenção à Condução;Colisão lateral;Com Vítimas Feridas;Pleno dia;Crescente;Sol;Múltipla;Reta;Sim;3;0;1;1;1;0;2;2;-19.38138;-40.06688
189364.0;2019-02-04;segunda-feira;19:15:00;101.0;189;ARACRUZ;Falta de Atenção à Condução;Colisão transversal;Com Vítimas Feridas;Anoitecer;Crescente;Céu Claro;Simples;Rotatória;Sim;3;0;2;0;1;0;2;2;-19.68133;-40.27022
189528.0;2019-02-05;terça-feira;17:00:00;262.0;5.4;CARIACICA;Não guardar distância de segurança;Colisão traseira;Com Vítimas Feridas;Pleno dia;Crescente;Chuva;Múltipla;Curva;Sim;3;0;1;0;2;0;1;3;-20.3374;-40.3859
189402.0;2019-02-05;terça-feira;01:10:00;101.0;357.9;ANCHIETA;Não guardar distância de segurança;Colisão lateral;Com Vítimas Feridas;Plena Noite;Crescente;Nublado;Dupla;Reta;Não;3;0;1;0;0;2;1;2;-20.69024;-40.701
189421.0;2019-02-05;terça-feira;07:45:00;101.0;264.2;SERRA;Falta de Atenção à Condução;Queda de ocupante de veículo;Com Vítimas Feridas;Pleno dia;Crescente;Nublado;Múltipla;Reta;Sim;1;0;1;0;0;0;1;1;-20.18114;-40.2653
189452.0;2019-02-05;terça-feira;09:40:00;101.0;270;SERRA;Falta de Atenção à Condução;Queda de ocupante de veículo;Com Vítimas Feridas;Pleno dia;Decrescente;Sol;Múltipla;Reta;Sim;1;0;1;0;0;0;1;1;-20.22979;-40.27253
189500.0;2019-02-05;terça-feira;15:35:00;101.0;266.2;SERRA;Falta de Atenção à Condução;Colisão traseira;Com Vítimas Feridas;Anoitecer;Decrescente;Chuva;Múltipla;Reta;Sim;4;0;2;0;2;0;2;2;-20.19247;-40.26838
189418.0;2019-02-05;terça-feira;07:10:00;101.0;1;SERRA;Não guardar distância de segurança;Colisão traseira;Com Vítimas Feridas;Pleno dia;Crescente;Chuva;Dupla;Reta;Sim;4;0;1;0;2;1;1;4;-20.12909;-40.30812
189530.0;2019-02-05;terça-feira;17:30:00;101.0;447.8;MIMOSO DO SUL;Velocidade Incompatível;Colisão frontal;Com Vítimas Fatais;Pleno dia;Decrescente;Chuva;Simples;Curva;Não;3;1;0;0;1;1;0;2;-21.12923;-41.28023
189536.0;2019-02-05;terça-feira;16:20:00;262.0;24.7;VIANA;Falta de Atenção à Condução;Capotamento;Sem Vítimas;Pleno dia;Crescente;Chuva;Simples;Curva;Não;1;0;0;0;1;0;0;1;-20.3798;-40.5221
189543.0;2019-02-05;terça-feira;18:40:00;262.0;59.5;MARECHAL FLORIANO;Pista Escorregadia;Colisão frontal;Com Vítimas Feridas;Plena Noite;Crescente;Chuva;Simples;Curva;Sim;2;0;0;2;0;0;2;2;-20.4223;-40.7767
189546.0;2019-02-05;terça-feira;15:51:00;101.0;360;ANCHIETA;Desobediência às normas de trânsito pelo condutor;Saída de leito carroçável;Com Vítimas Feridas;Pleno dia;Crescente;Chuva;Simples;Curva;Não;1;0;1;0;0;0;1;1;-20.71;-40.721
189712.0;2019-02-06;quarta-feira;17:30:00;101.0;136;LINHARES;Falta de Atenção à Condução;Tombamento;Com Vítimas Feridas;Pleno dia;Crescente;Nublado;Simples;Reta;Não;1;0;0;1;0;0;1;1;-19.28419;-40.08686
189741.0;2019-02-06;quarta-feira;17:20:00;101.0;267;SERRA;Falta de Atenção à Condução;Queda de ocupante de veículo;Com Vítimas Feridas;Pleno dia;Decrescente;Céu Claro;Dupla;Reta;Sim;1;0;1;0;0;0;1;1;-20.10071;-40.33413
189761.0;2019-02-06;quarta-feira;20:15:00;262.0;196;IUNA;Defeito Mecânico no Veículo;Capotamento;Com Vítimas Fatais;Plena Noite;Crescente;Céu Claro;Simples;Desvio Temporário;Sim;2;1;0;0;1;0;0;2;-20.2818;-41.776
189690.0;2019-02-06;quarta-feira;12:15:00;262.0;33;DOMINGOS MARTINS;Defeito Mecânico no Veículo;Incêndio;Sem Vítimas;Pleno dia;Crescente;Céu Claro;Simples;Não Informado;Não;1;0;0;0;1;0;0;1;-20.3768;-40.5817
189616.0;2019-02-06;quarta-feira;08:00:00;101.0;203;JOAO NEIVA;Não guardar distância de segurança;Colisão traseira;Com Vítimas Feridas;Pleno dia;Crescente;Sol;Simples;Reta;Sim;2;0;1;0;1;0;1;2;-19.74467;-40.37034
189659.0;2019-02-06;quarta-feira;13:00:00;101.0;145;LINHARES;Desobediência às normas de trânsito pelo condutor;Colisão transversal;Com Vítimas Feridas;Pleno dia;Decrescente;Céu Claro;Dupla;Interseção de vias;Não;2;0;2;0;0;0;2;2;-19.36346;-40.06508
189692.0;2019-02-06;quarta-feira;15:30:00;262.0;50;MARECHAL FLORIANO;Pista Escorregadia;Queda de ocupante de veículo;Com Vítimas Feridas;Pleno dia;Crescente;Chuva;Simples;Curva;Não;1;0;1;0;0;0;1;1;-20.4142;-40.7059
193266.0;2019-02-07;quinta-feira;18:45:00;101.0;304.7;VIANA;Sinalização da via insuficiente ou inadequada;Colisão transversal;Com Vítimas Feridas;Anoitecer;Crescente;Nublado;Simples;Não Informado;Não;3;0;2;0;1;0;2;2;-20.38497;-40.46246
191463.0;2019-02-07;quinta-feira;18:40:00;101.0;255.9;SERRA;Desobediência às normas de trânsito pelo pedestre;Atropelamento de Pedestre;Com Vítimas Fatais;Anoitecer;Decrescente;Chuva;Simples;Não Informado;Sim;3;1;0;0;1;1;0;1;-20.11983;-40.30962
189942.0;2019-02-07;quinta-feira;20:30:00;101.0;66;SAO MATEUS;Falta de Atenção à Condução;Colisão transversal;Com Vítimas Feridas;Plena Noite;Decrescente;Céu Claro;Simples;Reta;Sim;2;0;0;1;1;0;1;2;-18.71652;-39.87436
189940.0;2019-02-07;quinta-feira;20:00:00;101.0;143;LINHARES;Falta de Atenção do Pedestre;Atropelamento de Pedestre;Com Vítimas Feridas;Plena Noite;Decrescente;Chuva;Simples;Reta;Sim;2;0;0;2;0;0;2;1;-19.34599;-40.0636
189921.0;2019-02-07;quinta-feira;17:40:00;101.0;388.6;RIO NOVO DO SUL;Defeito Mecânico no Veículo;Incêndio;Sem Vítimas;Pleno dia;Decrescente;Chuva;Simples;Reta;Não;1;0;0;0;1;0;0;1;-20.86797;-40.93718
189889.0;2019-02-07;quinta-feira;14:00:00;262.0;134;BREJETUBA;Velocidade Incompatível;Colisão frontal;Com Vítimas Fatais;Pleno dia;Decrescente;Garoa/Chuvisco;Simples;Curva;Não;4;1;3;0;0;0;3;2;-20.24037;-41.3252
189861.0;2019-02-07;quinta-feira;12:15:00;262.0;4.6;CARIACICA;Desobediência às normas de trânsito pelo condutor;Atropelamento de Pedestre;Com Vítimas Feridas;Pleno dia;Crescente;Nublado;Dupla;Reta;Sim;3;0;2;0;0;1;2;1;-20.3374;-40.3859
189855.0;2019-02-07;quinta-feira;12:10:00;101.0;269;SERRA;Falta de Atenção à Condução;Colisão transversal;Com Vítimas Feridas;Pleno dia;Crescente;Nublado;Múltipla;Reta;Sim;1;0;0;1;0;0;1;1;-20.22988;-40.27273
189823.0;2019-02-07;quinta-feira;08:40:00;262.0;3.7;CARIACICA;Agressão Externa;Queda de ocupante de veículo;Com Vítimas Feridas;Pleno dia;Decrescente;Sol;Dupla;Rotatória;Sim;1;0;1;0;0;0;1;1;-20.3332;-40.3685
189810.0;2019-02-07;quinta-feira;08:00:00;101.0;304.6;VIANA;Falta de Atenção à Condução;Colisão transversal;Com Vítimas Feridas;Pleno dia;Crescente;Nublado;Simples;Interseção de vias;Sim;3;0;1;0;2;0;1;2;-20.38464;-40.46278
189789.0;2019-02-07;quinta-feira;01:00:00;101.0;27.5;CONCEICAO DA BARRA;Falta de Atenção do Pedestre;Atropelamento de Pedestre;Com Vítimas Fatais;Plena Noite;Crescente;Céu Claro;Simples;Não Informado;Não;2;1;0;0;1;0;0;1;-18.38375;-39.94479
189949.0;2019-02-07;quinta-feira;20:25:00;101.0;286.7;CARIACICA;Pista Escorregadia;Saída de leito carroçável;Com Vítimas Feridas;Plena Noite;Decrescente;Chuva;Dupla;Curva;Sim;1;0;1;0;0;0;1;1;-20.26188;-40.37939
189860.0;2019-02-07;quinta-feira;13:10:00;101.0;67;SAO MATEUS;Falta de Atenção à Condução;Colisão lateral;Com Vítimas Feridas;Pleno dia;Crescente;Sol;Múltipla;Desvio Temporário;Sim;2;0;0;1;0;1;1;2;-18.72883;-39.86027
199689.0;2019-02-08;sexta-feira;06:45:00;262.0;47;MARECHAL FLORIANO;Desobediência às normas de trânsito pelo condutor;Colisão frontal;Com Vítimas Feridas;Pleno dia;Decrescente;Céu Claro;Simples;Reta;Não;2;0;0;1;0;1;1;2;-20.38524;-40.65385
190190.0;2019-02-08;sexta-feira;22:15:00;262.0;150.7;IBATIBA;Ingestão de Álcool;Colisão traseira;Com Vítimas Feridas;Plena Noite;Crescente;Chuva;Simples;Reta;Não;2;0;0;1;1;0;1;2;-20.2172;-41.4449
189989.0;2019-02-08;sexta-feira;06:00:00;101.0;145.3;LINHARES;Animais na Pista;Atropelamento de Animal;Com Vítimas Feridas;Amanhecer;Decrescente;Nublado;Simples;Reta;Sim;1;0;0;1;0;0;1;1;-19.35771;-40.06426
190064.0;2019-02-08;sexta-feira;14:15:00;101.0;134.7;LINHARES;Mal Súbito;Colisão frontal;Com Vítimas Feridas;Pleno dia;Crescente;Sol;Simples;Reta;Não;4;0;2;1;1;0;3;3;-19.26762;-40.08866
190007.0;2019-02-08;sexta-feira;05:40:00;482.0;68.7;ALEGRE;Ingestão de Álcool;Colisão lateral;Com Vítimas Feridas;Amanhecer;Decrescente;Sol;Simples;Curva;Não;3;0;2;0;1;0;2;2;-20.77527;-41.42228
190392.0;2019-02-09;sábado;23:50:00;101.0;270;SERRA;Desobediência às normas de trânsito pelo pedestre;Atropelamento de Pedestre;Com Vítimas Feridas;Plena Noite;Crescente;Nublado;Múltipla;Reta;Sim;2;0;1;0;1;0;1;1;-20.22612;-40.27039
190368.0;2019-02-09;sábado;20:50:00;101.0;296;CARIACICA;Ingestão de Álcool;Colisão com objeto estático;Com Vítimas Feridas;Plena Noite;Decrescente;Céu Claro;Dupla;Reta;Sim;1;0;1;0;0;0;1;1;-20.33796;-40.40283
190289.0;2019-02-09;sábado;15:00:00;262.0;165.1;IBATIBA;Ingestão de Álcool;Colisão frontal;Com Vítimas Fatais;Pleno dia;Crescente;Céu Claro;Simples;Não Informado;Não;2;1;0;0;1;0;0;2;-20.2477;-41.5574
190287.0;2019-02-09;sábado;14:30:00;393.0;0.4;CACHOEIRO DE ITAPEMIRIM;Velocidade Incompatível;Colisão traseira;Com Vítimas Feridas;Pleno dia;Decrescente;Nublado;Simples;Reta;Sim;2;0;2;0;0;0;2;2;-20.84132;-41.15929
190268.0;2019-02-09;sábado;10:15:00;259.0;70;COLATINA;Falta de Atenção à Condução;Colisão lateral;Sem Vítimas;Pleno dia;Crescente;Céu Claro;Simples;Reta;Sim;2;0;0;0;0;2;0;2;-19.49602;-40.75529
190412.0;2019-02-10;domingo;03:10:00;101.0;204.5;JOAO NEIVA;Falta de Atenção à Condução;Colisão transversal;Com Vítimas Feridas;Plena Noite;Decrescente;Nublado;Simples;Interseção de vias;Sim;4;0;3;0;1;0;3;2;-19.77129;-40.36813
190490.0;2019-02-10;domingo;12:35:00;101.0;27.4;CONCEICAO DA BARRA;Falta de Atenção à Condução;Queda de ocupante de veículo;Com Vítimas Feridas;Pleno dia;Crescente;Céu Claro;Simples;Reta;Não;1;0;1;0;0;0;1;1;-18.38375;-39.94479
190416.0;2019-02-10;domingo;03:20:00;101.0;149;LINHARES;Desobediência às normas de trânsito pelo condutor;Colisão transversal;Sem Vítimas;Plena Noite;Crescente;Céu Claro;Dupla;Interseção de vias;Não;2;0;0;0;2;0;0;2;-19.38825;-40.06754
190397.0;2019-02-10;domingo;00:10:00;101.0;205;JOAO NEIVA;Falta de Atenção à Condução;Colisão com objeto estático;Sem Vítimas;Plena Noite;Crescente;Nublado;Simples;Interseção de vias;Sim;1;0;0;0;1;0;0;1;-19.7563;-40.37997
190777.0;2019-02-11;segunda-feira;18:00:00;101.0;270;SERRA;Desobediência às normas de trânsito pelo condutor;Atropelamento de Pedestre;Com Vítimas Feridas;Anoitecer;Crescente;Céu Claro;Múltipla;Curva;Sim;2;0;1;0;1;0;1;1;-20.22636;-40.27079
190769.0;2019-02-11;segunda-feira;18:25:00;101.0;294.8;CARIACICA;Falta de Atenção à Condução;Engavetamento;Sem Vítimas;Pleno dia;Decrescente;Céu Claro;Dupla;Não Informado;Sim;3;0;0;0;3;0;0;3;-20.33168;-40.39944
190736.0;2019-02-11;segunda-feira;14:40:00;101.0;149;LINHARES;Falta de Atenção à Condução;Queda de ocupante de veículo;Com Vítimas Feridas;Pleno dia;Crescente;Sol;Múltipla;Reta;Sim;1;0;0;1;0;0;1;1;-19.39982;-40.06242
190695.0;2019-02-11;segunda-feira;11:30:00;101.0;268;SERRA;Falta de Atenção à Condução;Colisão traseira;Com Vítimas Feridas;Pleno dia;Crescente;Céu Claro;Múltipla;Reta;Sim;2;0;1;0;1;0;1;2;-20.21543;-40.26992
190670.0;2019-02-11;segunda-feira;08:20:00;101.0;123.1;SOORETAMA;Não guardar distância de segurança;Saída de leito carroçável;Com Vítimas Feridas;Pleno dia;Decrescente;Sol;Simples;Reta;Não;3;0;0;1;2;0;1;2;-19.05238;-40.03006
190845.0;2019-02-12;terça-feira;07:00:00;101.0;266.1;SERRA;Falta de Atenção à Condução;Colisão transversal;Com Vítimas Feridas;Pleno dia;Crescente;Céu Claro;Simples;Reta;Sim;3;0;1;0;2;0;1;2;-20.19576;-40.26895
190837.0;2019-02-12;terça-feira;05:50:00;101.0;264.9;SERRA;Não guardar distância de segurança;Colisão traseira;Com Vítimas Feridas;Amanhecer;Decrescente;Ignorado;Múltipla;Reta;Sim;2;0;1;0;1;0;1;2;-20.17334;-40.26722
190827.0;2019-02-12;terça-feira;03:15:00;101.0;1.5;VITORIA;Falta de Atenção à Condução;Queda de ocupante de veículo;Com Vítimas Feridas;Plena Noite;Crescente;Céu Claro;Dupla;Reta;Não;1;0;1;0;0;0;1;1;-20.25216;-40.28761
192712.0;2019-02-13;quarta-feira;14:30:00;482.0;87.9;ALEGRE;Desobediência às normas de trânsito pelo condutor;Colisão frontal;Com Vítimas Feridas;Pleno dia;Crescente;Chuva;Simples;Curva;Não;5;0;1;2;2;0;3;3;-20.75686;-41.55546
191065.0;2019-02-13;quarta-feira;12:45:00;262.0;4.7;CARIACICA;Desobediência às normas de trânsito pelo condutor;Colisão transversal;Com Vítimas Feridas;Pleno dia;Crescente;Céu Claro;Múltipla;Interseção de vias;Sim;3;0;0;2;1;0;2;2;-20.3362;-40.3783
191190.0;2019-02-13;quarta-feira;20:30:00;262.0;31.9;DOMINGOS MARTINS;Velocidade Incompatível;Saída de leito carroçável;Sem Vítimas;Plena Noite;Decrescente;Chuva;Simples;Curva;Não;1;0;0;0;1;0;0;1;-20.379;-40.568
191147.0;2019-02-13;quarta-feira;19:55:00;101.0;147;LINHARES;Falta de Atenção à Condução;Colisão transversal;Com Vítimas Feridas;Plena Noite;Decrescente;Céu Claro;Simples;Reta;Sim;2;0;2;0;0;0;2;2;-19.38014;-40.06673
191133.0;2019-02-13;quarta-feira;18:40:00;262.0;27.7;VIANA;Pista Escorregadia;Capotamento;Com Vítimas Feridas;Anoitecer;Decrescente;Chuva;Simples;Curva;Não;2;0;2;0;0;0;2;1;-20.3827;-40.5478
191116.0;2019-02-13;quarta-feira;16:00:00;101.0;436;ATILIO VIVACQUA;Falta de Atenção à Condução;Colisão lateral;Com Vítimas Feridas;Anoitecer;Crescente;Chuva;Simples;Curva;Não;3;0;1;1;1;0;2;2;-21.06656;-41.20972
191108.0;2019-02-13;quarta-feira;16:30:00;262.0;2.3;CARIACICA;Falta de Atenção à Condução;Colisão traseira;Com Vítimas Feridas;Pleno dia;Crescente;Céu Claro;Dupla;Interseção de vias;Não;2;0;1;0;1;0;1;2;-20.3326;-40.3608
191105.0;2019-02-13;quarta-feira;14:45:00;101.0;323;GUARAPARI;Não guardar distância de segurança;Colisão lateral;Com Vítimas Feridas;Pleno dia;Crescente;Nublado;Simples;Curva;Não;5;0;3;0;2;0;3;2;-20.53754;-40.48248
191093.0;2019-02-13;quarta-feira;15:00:00;101.0;260.2;SERRA;Defeito Mecânico no Veículo;Queda de ocupante de veículo;Com Vítimas Feridas;Pleno dia;Decrescente;Nublado;Múltipla;Não Informado;Sim;2;0;2;0;0;0;2;1;-20.14642;-40.28284
191238.0;2019-02-14;quinta-feira;11:40:00;101.0;280;SERRA;Velocidade Incompatível;Saída de leito carroçável;Sem Vítimas;Pleno dia;Crescente;Sol;Dupla;Reta;Não;1;0;0;0;1;0;0;1;-20.22526;-40.36193
191275.0;2019-02-14;quinta-feira;17:40:00;101.0;136;LINHARES;Agressão Externa;Tombamento;Com Vítimas Feridas;Pleno dia;Decrescente;Céu Claro;Simples;Reta;Não;1;0;1;0;0;0;1;1;-19.26707;-40.08911
191245.0;2019-02-14;quinta-feira;14:00:00;101.0;1;SERRA;Desobediência às normas de trânsito pelo condutor;Colisão lateral;Com Vítimas Feridas;Pleno dia;Decrescente;Nublado;Dupla;Reta;Não;2;0;1;0;1;0;1;2;-20.12909;-40.30812
191274.0;2019-02-14;quinta-feira;16:38:00;101.0;301.3;VIANA;Falta de Atenção à Condução;Colisão transversal;Com Vítimas Feridas;Pleno dia;Crescente;Céu Claro;Múltipla;Reta;Sim;2;0;0;1;1;0;1;2;-20.36314;-40.44253
191515.0;2019-02-15;sexta-feira;18:55:00;101.0;320.7;GUARAPARI;Falta de Atenção à Condução;Colisão transversal;Sem Vítimas;Anoitecer;Decrescente;Nublado;Simples;Reta;Não;2;0;0;0;2;0;0;2;-20.51796;-40.47855
191509.0;2019-02-15;sexta-feira;19:40:00;101.0;143;LINHARES;Falta de Atenção à Condução;Colisão traseira;Com Vítimas Feridas;Plena Noite;Crescente;Céu Claro;Dupla;Reta;Sim;2;0;1;0;1;0;1;2;-19.3684;-40.06547
191460.0;2019-02-15;sexta-feira;15:05:00;101.0;298.2;VIANA;Desobediência às normas de trânsito pelo pedestre;Atropelamento de Pedestre;Com Vítimas Feridas;Pleno dia;Crescente;Céu Claro;Múltipla;Reta;Sim;2;0;1;0;1;0;1;1;-20.35495;-40.4167
191433.0;2019-02-15;sexta-feira;13:20:00;101.0;67.6;SAO MATEUS;Falta de Atenção à Condução;Colisão lateral;Com Vítimas Feridas;Pleno dia;Crescente;Céu Claro;Múltipla;Interseção de vias;Sim;2;0;1;0;1;0;1;2;-18.72055;-39.86588
191432.0;2019-02-15;sexta-feira;13:20:00;101.0;146;LINHARES;Falta de Atenção à Condução;Colisão transversal;Com Vítimas Feridas;Pleno dia;Crescente;Sol;Simples;Interseção de vias;Sim;2;0;0;1;1;0;1;2;-19.37993;-40.06672
191430.0;2019-02-15;sexta-feira;13:30:00;101.0;296;CARIACICA;Falta de Atenção à Condução;Colisão traseira;Sem Vítimas;Pleno dia;Crescente;Céu Claro;Dupla;Reta;Sim;3;0;0;0;3;0;0;3;-20.34331;-40.40514
191419.0;2019-02-15;sexta-feira;11:40:00;101.0;65.7;SAO MATEUS;Não guardar distância de segurança;Colisão traseira;Com Vítimas Feridas;Pleno dia;Crescente;Sol;Dupla;Reta;Sim;2;0;1;0;1;0;1;2;-18.70936;-39.87762
191805.0;2019-02-16;sábado;22:00:00;101.0;302.5;VIANA;Ingestão de Álcool;Colisão transversal;Sem Vítimas;Plena Noite;Decrescente;Nublado;Dupla;Curva;Sim;2;0;0;0;2;0;0;2;-20.3654;-40.44354
191747.0;2019-02-16;sábado;18:15:00;101.0;161.3;LINHARES;Ingestão de Álcool;Queda de ocupante de veículo;Com Vítimas Feridas;Pleno dia;Decrescente;Céu Claro;Simples;Reta;Não;1;0;1;0;0;0;1;1;-19.48464;-40.12102
191587.0;2019-02-16;sábado;04:12:00;101.0;415;CACHOEIRO DE ITAPEMIRIM;Ingestão de Álcool;Queda de ocupante de veículo;Com Vítimas Feridas;Plena Noite;Crescente;Céu Claro;Simples;Reta;Não;1;0;0;1;0;0;1;1;-20.93294;-41.07943
191624.0;2019-02-16;sábado;08:20:00;101.0;237;FUNDAO;Mal Súbito;Queda de ocupante de veículo;Com Vítimas Feridas;Pleno dia;Crescente;Sol;Simples;Reta;Não;1;0;1;0;0;0;1;1;-20.00579;-40.41292
191794.0;2019-02-16;sábado;21:50:00;101.0;157;LINHARES;Restrição de Visibilidade;Colisão traseira;Com Vítimas Feridas;Plena Noite;Crescente;Chuva;Simples;Reta;Não;2;0;1;1;0;0;2;2;-19.48506;-40.1088