id;data_inversa;dia_semana;horario;br;km;municipio;causa_acidente;tipo_acidente;classificacao_acidente;fase_dia;sentido_via;condicao_metereologica;tipo_pista;tracado_via;uso_solo;pessoas;mortos;feridos_leves;feridos_graves;ilesos;ignorados;feridos;veiculos;latitude;longitude
194195.0;2019-02-28;quinta-feira;22:05:00;262.0;2;VITORIA;Deficiência ou não Acionamento do Sistema de Iluminação/Sinalização do Veículo;Colisão lateral;Com Vítimas Feridas;Plena Noite;Crescente;Céu Claro;Dupla;Reta;Não;2;0;1;0;1;0;1;2;-20.25325;-40.28774
194224.0;2019-03-01;sexta-feira;04:00:00;101.0;417;CACHOEIRO DE ITAPEMIRIM;Animais na Pista;Atropelamento de Animal;Sem Vítimas;Plena Noite;Crescente;Céu Claro;Simples;Reta;Não;2;0;0;0;2;0;0;2;-20.94755;-41.08943
194536.0;2019-03-01;sexta-feira;18:30:00;262.0;96;DOMINGOS MARTINS;Falta de Atenção à Condução;Tombamento;Com Vítimas Feridas;Plena Noite;Crescente;Céu Claro;Simples;Reta;Não;1;0;1;0;0;0;1;1;-20.3637;-41.0676
194453.0;2019-03-01;sexta-feira;21:10:00;101.0;424;ATILIO VIVACQUA;Falta de Atenção à Condução;Colisão lateral;Com Vítimas Feridas;Plena Noite;Crescente;Céu Claro;Simples;Curva;Não;2;0;1;0;1;0;1;2;-21.00183;-41.13144
194424.0;2019-03-01;sexta-feira;18:30:00;262.0;108;VENDA NOVA DO IMIGRANTE;Desobediência às normas de trânsito pelo condutor;Colisão lateral;Com Vítimas Feridas;Plena Noite;Crescente;Nublado;Simples;Reta;Sim;2;0;1;0;1;0;1;2;-20.3343;-41.1639
194398.0;2019-03-01;sexta-feira;18:00:00;262.0;109;VENDA NOVA DO IMIGRANTE;Falta de Atenção à Condução;Colisão lateral;Com Vítimas Feridas;Anoitecer;Decrescente;Céu Claro;Simples;Reta;Não;2;0;1;0;1;0;1;2;-20.3359;-41.1728
194392.0;2019-03-01;sexta-feira;17:30:00;259.0;1.2;JOAO NEIVA;Falta de Atenção à Condução;Atropelamento de Pedestre;Com Vítimas Feridas;Anoitecer;Crescente;Sol;Simples;Reta;Sim;3;0;0;2;1;0;2;1;-19.73798;-40.37751
194354.0;2019-03-01;sexta-feira;15:30:00;101.0;67;SAO MATEUS;Desobediência às normas de trânsito pelo condutor;Colisão transversal;Com Vítimas Feridas;Pleno dia;Crescente;Céu Claro;Dupla;Reta;Sim;3;0;1;0;2;0;1;2;-18.72055;-39.86588
194337.0;2019-03-01;sexta-feira;14:10:00;101.0;147;LINHARES;Desobediência às normas de trânsito pelo condutor;Colisão transversal;Com Vítimas Feridas;Pleno dia;Crescente;Céu Claro;Simples;Rotatória;Sim;2;0;1;1;0;0;2;2;-19.37942;-40.06663
194446.0;2019-03-01;sexta-feira;20:50:00;101.0;160;LINHARES;Falta de Atenção à Condução;Queda de ocupante de veículo;Com Vítimas Feridas;Plena Noite;Decrescente;Céu Claro;Simples;Reta;Não;1;0;1;0;0;0;1;1;-19.46384;-40.10679
194306.0;2019-03-01;sexta-feira;11:30:00;262.0;1.3;CARIACICA;Falta de Atenção à Condução;Colisão lateral;Com Vítimas Feridas;Pleno dia;Crescente;Céu Claro;Múltipla;Reta;Sim;2;0;1;0;1;0;1;2;-20.3286;-40.355
194285.0;2019-03-01;sexta-feira;10:30:00;101.0;131.3;LINHARES;Defeito Mecânico no Veículo;Queda de ocupante de veículo;Com Vítimas Feridas;Pleno dia;Crescente;Céu Claro;Simples;Desvio Temporário;Não;1;0;1;0;0;0;1;1;-19.28605;-40.08677
194441.0;2019-03-01;sexta-feira;20:40:00;101.0;401.8;ITAPEMIRIM;Velocidade Incompatível;Saída de leito carroçável;Com Vítimas Fatais;Plena Noite;Decrescente;Céu Claro;Simples;Curva;Não;3;1;0;0;2;0;0;1;-20.88915;-40.98995
194510.0;2019-03-02;sábado;04:30:00;101.0;255;SERRA;Falta de Atenção à Condução;Colisão com objeto estático;Sem Vítimas;Amanhecer;Decrescente;Céu Claro;Simples;Reta;Sim;1;0;0;0;1;0;0;1;-20.11661;-40.31621
194683.0;2019-03-02;sábado;18:30:00;101.0;94;JAGUARE;Falta de Atenção à Condução;Atropelamento de Pedestre;Com Vítimas Feridas;Anoitecer;Crescente;Nublado;Simples;Reta;Sim;2;0;0;1;0;1;1;1;-18.93249;-39.97254
194674.0;2019-03-02;sábado;18:00:00;101.0;231;FUNDAO;Desobediência às normas de trânsito pelo condutor;Colisão transversal;Com Vítimas Feridas;Anoitecer;Crescente;Céu Claro;Simples;Reta;Não;4;0;2;0;2;0;2;2;-19.94483;-40.40731
194620.0;2019-03-02;sábado;12:10:00;101.0;97.9;JAGUARE;Não guardar distância de segurança;Colisão traseira;Com Vítimas Feridas;Pleno dia;Decrescente;Chuva;Simples;Reta;Não;5;0;0;1;4;0;1;2;-18.96575;-39.98845
194610.0;2019-03-02;sábado;14:00:00;393.0;3.9;CACHOEIRO DE ITAPEMIRIM;Falta de Atenção à Condução;Saída de leito carroçável;Com Vítimas Feridas;Pleno dia;Decrescente;Céu Claro;Simples;Curva;Não;1;0;0;1;0;0;1;1;-20.82801;-41.19118
194600.0;2019-03-02;sábado;09:40:00;262.0;146.5;IBATIBA;Falta de Atenção à Condução;Colisão traseira;Com Vítimas Fatais;Pleno dia;Decrescente;Sol;Simples;Reta;Não;4;1;1;0;2;0;1;3;-20.22534;-41.41666
194588.0;2019-03-02;sábado;11:50:00;101.0;29.8;CONCEICAO DA BARRA;Não guardar distância de segurança;Capotamento;Com Vítimas Feridas;Pleno dia;Decrescente;Céu Claro;Dupla;Reta;Não;5;0;2;1;2;0;3;2;-18.39992;-39.93878
194564.0;2019-03-02;sábado;10:10:00;101.0;244;SERRA;Falta de Atenção à Condução;Colisão transversal;Com Vítimas Feridas;Pleno dia;Decrescente;Nublado;Simples;Reta;Não;2;0;1;0;1;0;1;2;-20.04809;-40.38678
194546.0;2019-03-02;sábado;08:20:00;101.0;394;RIO NOVO DO SUL;Condutor Dormindo;Saída de leito carroçável;Com Vítimas Feridas;Pleno dia;Decrescente;Céu Claro;Simples;Curva;Não;5;0;4;0;1;0;4;1;-20.86943;-40.90382
194700.0;2019-03-02;sábado;20:30:00;101.0;370;ANCHIETA;Ingestão de álcool e/ou substâncias psicoativas pelo pedestre;Colisão lateral;Com Vítimas Feridas;Plena Noite;Crescente;Céu Claro;Simples;Curva;Não;8;0;1;0;7;0;1;3;-20.77018;-40.76054
194965.0;2019-03-03;domingo;23:30:00;482.0;109;GUACUI;Sinalização da via insuficiente ou inadequada;Colisão frontal;Com Vítimas Feridas;Plena Noite;Crescente;Céu Claro;Simples;Reta;Sim;1;0;1;0;0;0;1;1;-20.79359;-41.69391
194898.0;2019-03-03;domingo;18:40:00;101.0;101.1;JAGUARE;Falta de Atenção à Condução;Colisão transversal;Com Vítimas Fatais;Plena Noite;Decrescente;Céu Claro;Simples;Interseção de vias;Sim;2;1;0;0;1;0;0;2;-18.98227;-39.99641
194872.0;2019-03-03;domingo;16:30:00;101.0;221;IBIRACU;Falta de Atenção à Condução;Queda de ocupante de veículo;Com Vítimas Feridas;Pleno dia;Decrescente;Céu Claro;Simples;Curva;Não;1;0;0;1;0;0;1;1;-19.87167;-40.41149
194768.0;2019-03-03;domingo;02:45:00;101.0;100;JAGUARE;Falta de Atenção do Pedestre;Atropelamento de Pedestre;Com Vítimas Fatais;Plena Noite;Crescente;Nublado;Simples;Reta;Sim;2;1;0;0;1;0;0;1;-18.98176;-39.99616
194785.0;2019-03-03;domingo;04:40:00;101.0;84;SAO MATEUS;Animais na Pista;Saída de leito carroçável;Com Vítimas Feridas;Amanhecer;Crescente;Céu Claro;Simples;Reta;Não;1;0;1;0;0;0;1;1;-18.85088;-39.92872
194795.0;2019-03-03;domingo;05:30:00;101.0;45;CONCEICAO DA BARRA;Ingestão de Álcool;Colisão traseira;Sem Vítimas;Amanhecer;Crescente;Céu Claro;Simples;Reta;Não;2;0;0;0;2;0;0;2;-18.54284;-39.90547
194817.0;2019-03-03;domingo;08:50:00;101.0;109.2;LINHARES;Ultrapassagem Indevida;Colisão lateral;Com Vítimas Feridas;Pleno dia;Decrescente;Céu Claro;Simples;Reta;Não;2;0;1;0;1;0;1;1;-19.0173;-40.01305
194837.0;2019-03-03;domingo;10:10:00;262.0;59;MARECHAL FLORIANO;Desobediência às normas de trânsito pelo condutor;Colisão transversal;Com Vítimas Feridas;Pleno dia;Crescente;Nublado;Simples;Retorno Regulamentado;Não;3;0;1;0;2;0;1;2;-20.4223;-40.7767
194858.0;2019-03-03;domingo;13:40:00;262.0;120.5;CONCEICAO DO CASTELO;Carga excessiva e/ou mal acondicionada;Tombamento;Com Vítimas Feridas;Pleno dia;Decrescente;Sol;Simples;Curva;Não;1;0;1;0;0;0;1;1;-20.2994;-41.2306
194940.0;2019-03-03;domingo;21:30:00;262.0;103;VENDA NOVA DO IMIGRANTE;Falta de Atenção à Condução;Colisão lateral;Com Vítimas Feridas;Plena Noite;Decrescente;Céu Claro;Simples;Reta;Sim;2;0;1;1;0;0;2;2;-20.3369;-41.1213
194806.0;2019-03-03;domingo;08:15:00;101.0;254.6;SERRA;Ingestão de Álcool;Saída de leito carroçável;Sem Vítimas;Pleno dia;Decrescente;Sol;Simples;Reta;Não;1;0;0;0;0;1;0;1;-20.11365;-40.32206
194919.0;2019-03-03;domingo;20:15:00;101.0;265.5;SERRA;Falta de Atenção do Pedestre;Atropelamento de Pedestre;Com Vítimas Feridas;Plena Noite;Decrescente;Céu Claro;Múltipla;Reta;Sim;2;0;0;1;1;0;1;1;-20.18796;-40.26814
194886.0;2019-03-03;domingo;17:30:00;101.0;360;ANCHIETA;Velocidade Incompatível;Colisão lateral;Com Vítimas Feridas;Pleno dia;Crescente;Céu Claro;Simples;Desvio Temporário;Não;3;0;0;2;0;1;2;2;-20.70519;-40.71789
195145.0;2019-03-04;segunda-feira;22:50:00;101.0;264.1;SERRA;Falta de Atenção à Condução;Colisão lateral;Com Vítimas Feridas;Plena Noite;Decrescente;Céu Claro;Dupla;Reta;Sim;2;0;2;0;0;0;2;2;-20.17523;-40.26618
195073.0;2019-03-04;segunda-feira;14:20:00;101.0;293;CARIACICA;Falta de Atenção à Condução;Colisão lateral;Com Vítimas Feridas;Pleno dia;Crescente;Céu Claro;Múltipla;Reta;Sim;3;0;1;0;2;0;1;3;-20.31565;-40.3957
195064.0;2019-03-04;segunda-feira;14:00:00;101.0;293.8;CARIACICA;Falta de Atenção à Condução;Colisão com objeto estático;Com Vítimas Feridas;Pleno dia;Crescente;Sol;Múltipla;Reta;Sim;1;0;1;0;0;0;1;1;-20.33888;-40.40382
195053.0;2019-03-04;segunda-feira;12:50:00;482.0;75;ALEGRE;Falta de Atenção à Condução;Colisão transversal;Com Vítimas Feridas;Pleno dia;Decrescente;Sol;Simples;Curva;Não;2;0;0;1;0;1;1;2;-20.74853;-41.47522
195035.0;2019-03-04;segunda-feira;06:15:00;262.0;165.9;IBATIBA;Velocidade Incompatível;Tombamento;Com Vítimas Fatais;Amanhecer;Crescente;Sol;Simples;Curva;Não;1;1;0;0;0;0;0;1;-20.2477;-41.5574
194969.0;2019-03-04;segunda-feira;00:30:00;262.0;1;CARIACICA;Falta de Atenção à Condução;Colisão traseira;Com Vítimas Feridas;Plena Noite;Crescente;Céu Claro;Dupla;Reta;Sim;2;0;1;0;1;0;1;2;-20.3286;-40.355
195156.0;2019-03-05;terça-feira;00:20:00;101.0;92;JAGUARE;Animais na Pista;Capotamento;Com Vítimas Feridas;Plena Noite;Crescente;Céu Claro;Simples;Reta;Não;4;0;3;0;1;0;3;1;-18.91567;-39.96452
195246.0;2019-03-05;terça-feira;16:40:00;101.0;178.6;ARACRUZ;Condutor Dormindo;Saída de leito carroçável;Com Vítimas Feridas;Pleno dia;Decrescente;Garoa/Chuvisco;Simples;Curva;Não;5;0;4;1;0;0;5;1;-19.61033;-40.20858
195311.0;2019-03-05;terça-feira;21:30:00;262.0;76.5;MARECHAL FLORIANO;Desobediência às normas de trânsito pelo condutor;Colisão frontal;Com Vítimas Feridas;Plena Noite;Crescente;Nublado;Simples;Curva;Não;3;0;2;0;1;0;2;2;-20.41279;-40.90834
195283.0;2019-03-05;terça-feira;19:25:00;262.0;36.5;DOMINGOS MARTINS;Falta de Atenção à Condução;Colisão traseira;Com Vítimas Feridas;Plena Noite;Decrescente;Nublado;Simples;Curva;Sim;6;0;4;0;2;0;4;3;-20.38264;-40.6033
195395.0;2019-03-06;quarta-feira;13:20:00;101.0;144;LINHARES;Falta de Atenção à Condução;Colisão traseira;Com Vítimas Feridas;Pleno dia;Crescente;Céu Claro;Dupla;Reta;Sim;3;0;3;0;0;0;3;2;-19.35188;-40.06367
195354.0;2019-03-06;quarta-feira;09:30:00;101.0;408;ITAPEMIRIM;Defeito Mecânico no Veículo;Queda de ocupante de veículo;Com Vítimas Feridas;Pleno dia;Crescente;Céu Claro;Simples;Reta;Não;2;0;1;0;1;0;1;1;-20.89069;-41.0388
195341.0;2019-03-06;quarta-feira;07:00:00;262.0;104.8;VENDA NOVA DO IMIGRANTE;Falta de Atenção à Condução;Colisão lateral;Com Vítimas Feridas;Pleno dia;Crescente;Céu Claro;Simples;Reta;Sim;2;0;1;0;1;0;1;2;-20.33303;-41.12932
195336.0;2019-03-06;quarta-feira;06:00:00;262.0;165.1;IBATIBA;Pista Escorregadia;Saída de leito carroçável;Com Vítimas Feridas;Amanhecer;Crescente;Chuva;Simples;Curva;Não;3;0;2;1;0;0;3;1;-20.24911;-41.55151
195438.0;2019-03-06;quarta-feira;16:00:00;262.0;0.6;VITORIA;Falta de Atenção à Condução;Colisão lateral;Sem Vítimas;Pleno dia;Decrescente;Céu Claro;Dupla;Ponte;Sim;2;0;0;0;2;0;0;2;-20.32284;-40.35408
195635.0;2019-03-07;quinta-feira;18:40:00;101.0;136.5;LINHARES;Não guardar distância de segurança;Colisão traseira;Com Vítimas Feridas;Plena Noite;Decrescente;Nublado;Simples;Reta;Não;3;0;0;3;0;0;3;2;-19.28406;-40.08689
195518.0;2019-03-07;quinta-feira;05:00:00;259.0;1.6;JOAO NEIVA;Falta de Atenção à Condução;Colisão com objeto estático;Com Vítimas Feridas;Amanhecer;Decrescente;Céu Claro;Simples;Reta;Não;4;0;4;0;0;0;4;1;-19.73798;-40.37751
195824.0;2019-03-08;sexta-feira;20:20:00;101.0;66.5;SAO MATEUS;Desobediência às normas de trânsito pelo condutor;Colisão traseira;Com Vítimas Feridas;Plena Noite;Crescente;Céu Claro;Dupla;Reta;Sim;2;0;1;0;1;0;1;2;-18.71745;-39.87301
195795.0;2019-03-08;sexta-feira;18:15:00;101.0;1.5;SERRA;Desobediência às normas de trânsito pelo condutor;Colisão lateral;Com Vítimas Feridas;Plena Noite;Decrescente;Céu Claro;Dupla;Reta;Sim;3;0;1;0;1;1;1;2;-20.24543;-40.28288
195791.0;2019-03-08;sexta-feira;17:45:00;101.0;145;LINHARES;Velocidade Incompatível;Colisão lateral;Com Vítimas Feridas;Anoitecer;Crescente;Céu Claro;Simples;Reta;Sim;2;0;1;0;1;0;1;2;-19.3609;-40.06464
195772.0;2019-03-08;sexta-feira;16:00:00;262.0;90.9;DOMINGOS MARTINS;Ingestão de Álcool;Tombamento;Sem Vítimas;Pleno dia;Decrescente;Nublado;Múltipla;Interseção de vias;Sim;1;0;0;0;1;0;0;1;-20.37864;-41.03294
195749.0;2019-03-08;sexta-feira;13:20:00;101.0;343.3;GUARAPARI;Falta de Atenção à Condução;Colisão lateral;Sem Vítimas;Pleno dia;Crescente;Sol;Simples;Curva;Não;2;0;0;0;2;0;0;2;-20.66192;-40.59046
195744.0;2019-03-08;sexta-feira;13:45:00;101.0;68.1;SAO MATEUS;Defeito Mecânico no Veículo;Colisão lateral;Com Vítimas Feridas;Pleno dia;Decrescente;Sol;Simples;Rotatória;Sim;3;0;0;1;1;1;1;2;-18.7266;-39.85975
195742.0;2019-03-08;sexta-feira;13:45:00;101.0;443.5;MIMOSO DO SUL;Condutor Dormindo;Colisão lateral;Com Vítimas Feridas;Pleno dia;Crescente;Céu Claro;Simples;Curva;Não;2;0;1;0;1;0;1;2;-21.09789;-41.25305
195859.0;2019-03-08;sexta-feira;22:50:00;101.0;286;CARIACICA;Falta de Atenção à Condução;Colisão com objeto estático;Sem Vítimas;Pleno dia;Decrescente;Céu Claro;Dupla;Reta;Não;1;0;0;0;0;1;0;1;-20.25902;-40.37753
195678.0;2019-03-08;sexta-feira;06:15:00;101.0;144.9;LINHARES;Falta de Atenção à Condução;Colisão lateral;Com Vítimas Feridas;Pleno dia;Decrescente;Céu Claro;Múltipla;Interseção de vias;Sim;7;0;3;2;2;0;5;3;-19.3609;-40.06464
196053.0;2019-03-09;sábado;20:50:00;262.0;31;DOMINGOS MARTINS;Ingestão de Álcool;Saída de leito carroçável;Com Vítimas Feridas;Plena Noite;Crescente;Céu Claro;Simples;Curva;Não;1;0;1;0;0;0;1;1;-20.38051;-40.56831
196071.0;2019-03-09;sábado;21:10:00;101.0;336;GUARAPARI;Animais na Pista;Atropelamento de Animal;Com Vítimas Feridas;Plena Noite;Decrescente;Céu Claro;Simples;Curva;Não;1;0;1;0;0;0;1;1;-20.62834;-40.53656
196050.0;2019-03-09;sábado;22:20:00;262.0;6;CARIACICA;Falta de Atenção à Condução;Colisão transversal;Com Vítimas Feridas;Plena Noite;Crescente;Céu Claro;Múltipla;Interseção de vias;Sim;3;0;2;0;1;0;2;2;-20.34007;-40.39451
196024.0;2019-03-09;sábado;19:30:00;101.0;257.5;SERRA;Falta de Atenção à Condução;Colisão lateral;Com Vítimas Feridas;Plena Noite;Decrescente;Céu Claro;Dupla;Retorno Regulamentado;Sim;2;0;1;0;1;0;1;2;-20.12455;-40.30332
195991.0;2019-03-09;sábado;17:15:00;101.0;305;VIANA;Desobediência às normas de trânsito pelo condutor;Colisão transversal;Com Vítimas Feridas;Pleno dia;Crescente;Céu Claro;Dupla;Não Informado;Sim;3;0;1;0;2;0;1;2;-20.38392;-40.46125
195974.0;2019-03-09;sábado;16:15:00;262.0;4.6;CARIACICA;Falta de Atenção à Condução;Colisão lateral;Com Vítimas Feridas;Pleno dia;Decrescente;Céu Claro;Múltipla;Não Informado;Sim;2;0;1;0;1;0;1;2;-20.33609;-40.37813
195956.0;2019-03-09;sábado;14:35:00;101.0;282.2;CARIACICA;Falta de Atenção à Condução;Colisão com objeto estático;Com Vítimas Fatais;Pleno dia;Decrescente;Céu Claro;Dupla;Curva;Não;2;1;0;0;0;1;0;2;-20.22694;-40.36458
195943.0;2019-03-09;sábado;12:30:00;101.0;254;SERRA;Ingestão de Álcool;Queda de ocupante de veículo;Com Vítimas Feridas;Pleno dia;Decrescente;Sol;Simples;Reta;Sim;1;0;1;0;0;0;1;1;-20.11004;-40.3274
196253.0;2019-03-10;domingo;23:20:00;101.0;269.6;SERRA;Não guardar distância de segurança;Colisão traseira;Com Vítimas Feridas;Plena Noite;Decrescente;Céu Claro;Dupla;Reta;Sim;6;0;3;0;3;0;3;3;-20.2174;-40.26991
196189.0;2019-03-10;domingo;17:45:00;101.0;163;LINHARES;Falta de Atenção à Condução;Saída de leito carroçável;Com Vítimas Feridas;Anoitecer;Decrescente;Céu Claro;Simples;Reta;Não;1;0;1;0;0;0;1;1;-19.49806;-40.13059
196152.0;2019-03-10;domingo;14:40:00;101.0;427.3;ATILIO VIVACQUA;Velocidade Incompatível;Colisão transversal;Com Vítimas Fatais;Pleno dia;Crescente;Céu Claro;Simples;Reta;Não;4;2;0;0;1;1;0;2;-21.0123;-41.14715
196199.0;2019-03-10;domingo;18:20:00;259.0;9;JOAO NEIVA;Defeito Mecânico no Veículo;Colisão transversal;Com Vítimas Feridas;Plena Noite;Crescente;Céu Claro;Simples;Reta;Não;5;0;1;1;3;0;2;2;-19.67698;-40.3998
196885.0;2019-03-11;segunda-feira;07:10:00;101.0;394;RIO NOVO DO SUL;Falta de Atenção à Condução;Colisão lateral;Com Vítimas Feridas;Amanhecer;Crescente;Céu Claro;Simples;Reta;Não;2;0;1;0;1;0;1;2;-20.86586;-40.93117
196425.0;2019-03-11;segunda-feira;19:50:00;101.0;267.5;SERRA;Desobediência às normas de trânsito pelo condutor;Colisão transversal;Sem Vítimas;Plena Noite;Decrescente;Céu Claro;Múltipla;Reta;Sim;2;0;0;0;1;1;0;2;-20.19931;-40.26885
196272.0;2019-03-11;segunda-feira;04:34:00;101.0;74.5;SAO MATEUS;Defeito Mecânico no Veículo;Incêndio;Sem Vítimas;Pleno dia;Crescente;Céu Claro;Simples;Reta;Não;1;0;0;0;1;0;0;1;-18.77756;-39.87357
196298.0;2019-03-11;segunda-feira;08:00:00;101.0;304;VIANA;Ingestão de Álcool;Engavetamento;Sem Vítimas;Pleno dia;Decrescente;Sol;Dupla;Reta;Sim;3;0;0;0;3;0;0;3;-20.38006;-40.45431
196304.0;2019-03-11;segunda-feira;08:00:00;101.0;264;SERRA;Desobediência às normas de trânsito pelo condutor;Colisão lateral;Com Vítimas Feridas;Pleno dia;Decrescente;Céu Claro;Múltipla;Reta;Sim;3;0;1;1;1;0;2;2;-20.17603;-40.26598
196346.0;2019-03-11;segunda-feira;12:00:00;101.0;266.3;SERRA;Falta de Atenção à Condução;Colisão transversal;Com Vítimas Feridas;Pleno dia;Crescente;Sol;Múltipla;Interseção de vias;Sim;3;0;0;3;0;0;3;3;-20.1902;-40.26829
196347.0;2019-03-11;segunda-feira;10:20:00;259.0;48.8;COLATINA;Mal Súbito;Tombamento;Com Vítimas Feridas;Pleno dia;Decrescente;Céu Claro;Simples;Curva;Não;1;0;1;0;0;0;1;1;-19.53247;-40.63128
196394.0;2019-03-11;segunda-feira;17:35:00;101.0;401;ITAPEMIRIM;Falta de Atenção à Condução;Colisão lateral;Com Vítimas Feridas;Pleno dia;Decrescente;Céu Claro;Simples;Reta;Não;2;0;1;0;1;0;1;2;-20.88556;-40.98237
196436.0;2019-03-11;segunda-feira;20:10:00;262.0;2.7;CARIACICA;Falta de Atenção à Condução;Capotamento;Com Vítimas Feridas;Plena Noite;Decrescente;Céu Claro;Múltipla;Reta;Sim;1;0;1;0;0;0;1;1;-20.33276;-40.36078
196498.0;2019-03-12;terça-feira;07:55:00;101.0;147;LINHARES;Desobediência às normas de trânsito pelo condutor;Colisão transversal;Com Vítimas Feridas;Pleno dia;Decrescente;Céu Claro;Múltipla;Interseção de vias;Não;3;0;0;1;2;0;1;2;-19.37887;-40.06658
196517.0;2019-03-12;terça-feira;10:45:00;101.0;339.1;GUARAPARI;Falta de Atenção à Condução;Colisão com objeto estático;Com Vítimas Feridas;Pleno dia;Decrescente;Sol;Simples;Não Informado;Não;2;0;2;0;0;0;2;1;-20.64347;-40.55827
196621.0;2019-03-12;terça-feira;20:35:00;101.0;270;SERRA;Pista Escorregadia;Tombamento;Com Vítimas Feridas;Plena Noite;Crescente;Céu Claro;Múltipla;Curva;Sim;1;0;1;0;0;0;1;1;-20.22662;-40.27075
196611.0;2019-03-12;terça-feira;18:50:00;101.0;64.9;SAO MATEUS;Defeito Mecânico no Veículo;Incêndio;Sem Vítimas;Plena Noite;Decrescente;Céu Claro;Simples;Reta;Não;1;0;0;0;1;0;0;1;-18.70429;-39.87066
196628.0;2019-03-12;terça-feira;21:00:00;101.0;332.1;GUARAPARI;Ingestão de Álcool;Tombamento;Com Vítimas Feridas;Plena Noite;Crescente;Céu Claro;Simples;Curva;Não;1;0;0;1;0;0;1;1;-20.60724;-40.50889
196810.0;2019-03-13;quarta-feira;18:20:00;259.0;61.5;COLATINA;Falta de Atenção à Condução;Colisão transversal;Com Vítimas Feridas;Plena Noite;Crescente;Céu Claro;Simples;Reta;Sim;2;0;1;0;0;1;1;2;-19.5308;-40.68209
196668.0;2019-03-13;quarta-feira;06:35:00;101.0;296;CARIACICA;Velocidade Incompatível;Capotamento;Sem Vítimas;Pleno dia;Decrescente;Céu Claro;Dupla;Não Informado;Sim;1;0;0;0;1;0;0;1;-20.3403;-40.40406
196801.0;2019-03-13;quarta-feira;18:45:00;101.0;268.9;SERRA;Falta de Atenção à Condução;Colisão lateral;Com Vítimas Feridas;Plena Noite;Decrescente;Céu Claro;Simples;Reta;Sim;3;0;1;0;2;0;1;3;-20.20842;-40.2694
196670.0;2019-03-13;quarta-feira;06:40:00;262.0;2.6;CARIACICA;Falta de Atenção à Condução;Colisão traseira;Com Vítimas Feridas;Pleno dia;Decrescente;Sol;Simples;Reta;Sim;3;0;2;0;1;0;2;2;-20.33276;-40.36078
196690.0;2019-03-13;quarta-feira;08:40:00;101.0;45;CONCEICAO DA BARRA;Falta de Atenção à Condução;Engavetamento;Com Vítimas Feridas;Pleno dia;Crescente;Céu Claro;Simples;Reta;Não;4;0;1;0;3;0;1;4;-18.54284;-39.90547
196699.0;2019-03-13;quarta-feira;09:30:00;101.0;163;LINHARES;Avarias e/ou desgaste excessivo no pneu;Queda de ocupante de veículo;Com Vítimas Feridas;Pleno dia;Decrescente;Céu Claro;Simples;Reta;Não;2;0;2;0;0;0;2;1;-19.49806;-40.13059
196703.0;2019-03-13;quarta-feira;09:30:00;101.0;260;SERRA;Falta de Atenção à Condução;Colisão lateral;Com Vítimas Feridas;Pleno dia;Decrescente;Céu Claro;Dupla;Reta;Sim;6;0;5;0;1;0;5;2;-20.16627;-40.27252
196778.0;2019-03-13;quarta-feira;17:00:00;101.0;174;ARACRUZ;Falta de Atenção à Condução;Colisão lateral;Com Vítimas Feridas;Pleno dia;Crescente;Céu Claro;Simples;Reta;Sim;2;0;1;0;1;0;1;2;-19.58047;-40.18782
196665.0;2019-03-13;quarta-feira;06:50:00;262.0;44;DOMINGOS MARTINS;Desobediência às normas de trânsito pelo condutor;Colisão transversal;Com Vítimas Feridas;Pleno dia;Decrescente;Céu Claro;Simples;Interseção de vias;Não;3;0;1;0;2;0;1;2;-20.38909;-40.66912
196731.0;2019-03-13;quarta-feira;11:20:00;259.0;100.1;BAIXO GUANDU;Falta de Atenção à Condução;Colisão transversal;Com Vítimas Feridas;Pleno dia;Crescente;Sol;Simples;Rotatória;Sim;3;0;1;0;1;1;1;2;-19.51441;-40.99561
196791.0;2019-03-13;quarta-feira;17:35:00;101.0;150.8;LINHARES;Desobediência às normas de trânsito pelo condutor;Queda de ocupante de veículo;Com Vítimas Feridas;Pleno dia;Decrescente;Céu Claro;Simples;Ponte;Não;1;0;0;1;0;0;1;1;-19.41011;-40.0654
196820.0;2019-03-13;quarta-feira;21:30:00;259.0;70;COLATINA;Falta de Atenção à Condução;Colisão frontal;Sem Vítimas;Plena Noite;Crescente;Céu Claro;Simples;Reta;Não;2;0;0;0;2;0;0;2;-19.49603;-40.75527
196819.0;2019-03-13;quarta-feira;20:00:00;101.0;330.8;GUARAPARI;Mal Súbito;Colisão com objeto estático;Com Vítimas Feridas;Plena Noite;Crescente;Céu Claro;Simples;Reta;Não;2;0;0;1;1;0;1;2;-20.59939;-40.50268
196771.0;2019-03-13;quarta-feira;14:50:00;101.0;249;SERRA;Defeito Mecânico no Veículo;Incêndio;Sem Vítimas;Pleno dia;Decrescente;Sol;Simples;Reta;Sim;1;0;0;0;1;0;0;1;-20.07372;-40.35346