id;data_inversa;dia_semana;horario;br;km;municipio;causa_acidente;tipo_acidente;classificacao_acidente;fase_dia;sentido_via;condicao_metereologica;tipo_pista;tracado_via;uso_solo;pessoas;mortos;feridos_leves;feridos_graves;ilesos;ignorados;feridos;veiculos;latitude;longitude
196980.0;2019-03-14;quinta-feira;18:40:00;101.0;289;CARIACICA;Desobediência às normas de trânsito pelo condutor;Colisão traseira;Com Vítimas Feridas;Plena Noite;Crescente;Nublado;Dupla;Reta;Não;5;0;3;0;2;0;3;3;-20.28029;-40.39303
196886.0;2019-03-14;quinta-feira;09:45:00;101.0;298.2;VIANA;Desobediência às normas de trânsito pelo condutor;Colisão traseira;Com Vítimas Feridas;Pleno dia;Crescente;Céu Claro;Dupla;Reta;Sim;3;0;1;0;2;0;1;3;-20.35374;-40.41564
196871.0;2019-03-14;quinta-feira;08:18:00;101.0;65;SAO MATEUS;Mal Súbito;Colisão com objeto estático;Com Vítimas Feridas;Pleno dia;Decrescente;Céu Claro;Simples;Desvio Temporário;Sim;1;0;0;1;0;0;1;1;-18.70936;-39.87762
196858.0;2019-03-14;quinta-feira;07:30:00;101.0;269.8;SERRA;Velocidade Incompatível;Colisão lateral;Com Vítimas Feridas;Pleno dia;Crescente;Céu Claro;Dupla;Reta;Sim;4;0;1;0;3;0;1;4;-20.2174;-40.26991
197212.0;2019-03-15;sexta-feira;21:15:00;101.0;143.7;LINHARES;Não guardar distância de segurança;Colisão lateral;Com Vítimas Feridas;Plena Noite;Decrescente;Nublado;Simples;Reta;Sim;2;0;1;1;0;0;2;1;-19.34287;-40.06386
197124.0;2019-03-15;sexta-feira;14:20:00;101.0;268.2;SERRA;Falta de Atenção à Condução;Tombamento;Com Vítimas Feridas;Pleno dia;Crescente;Nublado;Múltipla;Reta;Sim;2;0;1;0;1;0;1;1;-20.20842;-40.2694
197165.0;2019-03-15;sexta-feira;17:30:00;262.0;123.8;CONCEICAO DO CASTELO;Velocidade Incompatível;Colisão frontal;Com Vítimas Feridas;Plena Noite;Decrescente;Céu Claro;Simples;Curva;Não;3;0;1;2;0;0;3;2;-20.29098;-41.24799
197136.0;2019-03-15;sexta-feira;16:00:00;101.0;219.9;IBIRACU;Defeito na Via;Colisão com objeto estático;Com Vítimas Feridas;Pleno dia;Crescente;Chuva;Dupla;Não Informado;Não;3;0;1;0;2;0;1;2;-19.8646;-40.38337
197112.0;2019-03-15;sexta-feira;13:00:00;101.0;270.7;SERRA;Falta de Atenção à Condução;Colisão traseira;Com Vítimas Feridas;Pleno dia;Crescente;Nublado;Múltipla;Reta;Sim;3;0;1;1;1;0;2;3;-20.22662;-40.27075
197106.0;2019-03-15;sexta-feira;13:20:00;101.0;223.6;IBIRACU;Pista Escorregadia;Queda de ocupante de veículo;Com Vítimas Feridas;Pleno dia;Decrescente;Garoa/Chuvisco;Simples;Curva;Não;1;0;1;0;0;0;1;1;-19.87636;-40.41496
197096.0;2019-03-15;sexta-feira;11:50:00;262.0;18;VIANA;Falta de Atenção à Condução;Colisão transversal;Com Vítimas Feridas;Pleno dia;Crescente;Céu Claro;Simples;Reta;Sim;2;0;1;0;1;0;1;2;-20.39137;-40.4808
197089.0;2019-03-15;sexta-feira;11:50:00;262.0;47.3;MARECHAL FLORIANO;Desobediência às normas de trânsito pelo condutor;Colisão transversal;Com Vítimas Feridas;Pleno dia;Crescente;Nublado;Simples;Reta;Não;2;0;0;1;1;0;1;2;-20.4113;-40.67927
197077.0;2019-03-15;sexta-feira;09:45:00;101.0;204.9;JOAO NEIVA;Falta de Atenção à Condução;Engavetamento;Com Vítimas Feridas;Pleno dia;Crescente;Céu Claro;Simples;Não Informado;Sim;4;0;1;0;3;0;1;4;-19.74949;-40.37923
197066.0;2019-03-15;sexta-feira;09:15:00;101.0;177.5;ARACRUZ;Ultrapassagem Indevida;Colisão frontal;Com Vítimas Fatais;Pleno dia;Crescente;Sol;Simples;Reta;Não;12;1;1;9;0;1;10;3;-19.60287;-40.20326
197043.0;2019-03-15;sexta-feira;07:30:00;101.0;267.9;SERRA;Falta de Atenção à Condução;Colisão traseira;Com Vítimas Feridas;Pleno dia;Crescente;Céu Claro;Múltipla;Reta;Sim;2;0;1;0;1;0;1;2;-20.19931;-40.26885
197190.0;2019-03-15;sexta-feira;19:00:00;101.0;3.4;ICONHA;Velocidade Incompatível;Tombamento;Com Vítimas Feridas;Anoitecer;Decrescente;Nublado;Dupla;Curva;Não;1;0;0;1;0;0;1;1;-20.8086;-40.80403
197434.0;2019-03-16;sábado;20:30:00;262.0;161.2;IBATIBA;Defeito Mecânico no Veículo;Atropelamento de Pedestre;Com Vítimas Feridas;Plena Noite;Decrescente;Céu Claro;Simples;Reta;Sim;3;0;2;1;0;0;3;1;-20.2364;-41.52254
197443.0;2019-03-16;sábado;19:10:00;101.0;200.5;ARACRUZ;Ingestão de Álcool;Colisão lateral;Sem Vítimas;Plena Noite;Crescente;Nublado;Simples;Reta;Não;2;0;0;0;2;0;0;2;-19.72574;-40.35646
197405.0;2019-03-16;sábado;18:50:00;101.0;289;CARIACICA;Ingestão de Álcool;Colisão transversal;Sem Vítimas;Anoitecer;Crescente;Céu Claro;Dupla;Retorno Regulamentado;Não;2;0;0;0;2;0;0;2;-20.28029;-40.39303
197263.0;2019-03-16;sábado;04:00:00;259.0;46;COLATINA;Ingestão de Álcool;Tombamento;Com Vítimas Feridas;Plena Noite;Crescente;Nublado;Simples;Curva;Não;2;0;0;2;0;0;2;1;-19.5316;-40.58048
197280.0;2019-03-16;sábado;06:00:00;101.0;67.6;SAO MATEUS;Falta de Atenção à Condução;Queda de ocupante de veículo;Com Vítimas Feridas;Pleno dia;Decrescente;Céu Claro;Simples;Reta;Sim;1;0;1;0;0;0;1;1;-18.72054;-39.86589
197306.0;2019-03-16;sábado;09:20:00;262.0;1.2;CARIACICA;Desobediência às normas de trânsito pelo condutor;Colisão lateral;Com Vítimas Feridas;Pleno dia;Crescente;Sol;Dupla;Reta;Sim;2;0;0;1;1;0;1;2;-20.32955;-40.35493
197321.0;2019-03-16;sábado;11:30:00;393.0;23.7;MUQUI;Velocidade Incompatível;Tombamento;Com Vítimas Feridas;Pleno dia;Crescente;Céu Claro;Simples;Curva;Não;1;0;0;1;0;0;1;1;-20.94057;-41.331
197331.0;2019-03-16;sábado;12:55:00;101.0;245.3;SERRA;Não guardar distância de segurança;Colisão traseira;Com Vítimas Feridas;Pleno dia;Decrescente;Nublado;Dupla;Reta;Não;3;0;1;0;2;0;1;2;-20.05454;-40.3819
197338.0;2019-03-16;sábado;13:30:00;101.0;143.5;IBATIBA;Falta de Atenção à Condução;Colisão lateral;Com Vítimas Feridas;Pleno dia;Decrescente;Céu Claro;Simples;Reta;Não;4;0;1;1;1;1;2;2;-20.23738;-41.51339
197355.0;2019-03-16;sábado;15:00:00;101.0;266.2;SERRA;Desobediência às normas de trânsito pelo condutor;Colisão transversal;Com Vítimas Feridas;Pleno dia;Crescente;Sol;Múltipla;Interseção de vias;Sim;2;0;0;1;1;0;1;2;-20.19374;-40.26867
197396.0;2019-03-16;sábado;16:50:00;262.0;4;CARIACICA;Falta de Atenção à Condução;Colisão transversal;Com Vítimas Feridas;Pleno dia;Crescente;Nublado;Múltipla;Reta;Sim;2;0;0;1;1;0;1;2;-20.33609;-40.37813
197429.0;2019-03-16;sábado;19:45:00;101.0;65.8;SAO MATEUS;Falta de Atenção à Condução;Colisão lateral;Com Vítimas Feridas;Plena Noite;Crescente;Céu Claro;Múltipla;Interseção de vias;Sim;2;0;1;0;1;0;1;2;-18.70936;-39.87762
197346.0;2019-03-16;sábado;14:15:00;101.0;60;SAO MATEUS;Falta de Atenção à Condução;Colisão traseira;Sem Vítimas;Pleno dia;Crescente;Céu Claro;Simples;Reta;Sim;5;0;0;0;5;0;0;2;-18.67287;-39.86626
197662.0;2019-03-17;domingo;22:30:00;101.0;271.8;SERRA;Falta de Atenção do Pedestre;Atropelamento de Pedestre;Com Vítimas Feridas;Plena Noite;Crescente;Céu Claro;Dupla;Reta;Sim;2;0;1;0;1;0;1;1;-20.23267;-40.27658
197493.0;2019-03-17;domingo;01:00:00;101.0;167.8;LINHARES;Ingestão de Álcool;Colisão traseira;Com Vítimas Feridas;Plena Noite;Decrescente;Céu Claro;Simples;Reta;Não;4;0;1;0;3;0;1;2;-19.53692;-40.15937
197647.0;2019-03-17;domingo;21:00:00;101.0;341.5;GUARAPARI;Condutor Dormindo;Colisão lateral;Com Vítimas Feridas;Plena Noite;Crescente;Céu Claro;Simples;Reta;Não;2;0;0;1;1;0;1;2;-20.65278;-40.57411
197511.0;2019-03-17;domingo;04:15:00;482.0;92;ALEGRE;Ingestão de álcool e/ou substâncias psicoativas pelo pedestre;Saída de leito carroçável;Sem Vítimas;Plena Noite;Crescente;Céu Claro;Simples;Curva;Não;1;0;0;0;1;0;0;1;-20.76137;-41.58095
197610.0;2019-03-17;domingo;19:00:00;101.0;279.8;SERRA;Falta de Atenção à Condução;Colisão transversal;Com Vítimas Feridas;Plena Noite;Decrescente;Céu Claro;Dupla;Reta;Sim;4;0;1;0;2;1;1;2;-20.21812;-40.33933
197598.0;2019-03-17;domingo;17:30:00;101.0;317;VILA VELHA;Desobediência às normas de trânsito pelo condutor;Colisão traseira;Com Vítimas Feridas;Pleno dia;Crescente;Céu Claro;Simples;Reta;Não;6;0;2;0;4;0;2;2;-20.48576;-40.47626
197597.0;2019-03-17;domingo;17:10:00;259.0;16;JOAO NEIVA;Falta de Atenção à Condução;Colisão frontal;Com Vítimas Feridas;Plena Noite;Crescente;Céu Claro;Simples;Curva;Não;2;0;1;0;1;0;1;2;-19.65971;-40.43162
197592.0;2019-03-17;domingo;14:30:00;482.0;134.6;DORES DO RIO PRETO;Ingestão de Álcool;Colisão com objeto estático;Sem Vítimas;Pleno dia;Decrescente;Nublado;Simples;Reta;Não;2;0;0;0;2;0;0;2;-20.7072;-41.83692
197584.0;2019-03-17;domingo;14:30:00;101.0;341.2;GUARAPARI;Velocidade Incompatível;Saída de leito carroçável;Sem Vítimas;Pleno dia;Decrescente;Céu Claro;Simples;Reta;Não;1;0;0;0;0;1;0;1;-20.65278;-40.57411
197799.0;2019-03-18;segunda-feira;14:15:00;101.0;106.8;SOORETAMA;Falta de Atenção à Condução;Colisão traseira;Com Vítimas Feridas;Pleno dia;Decrescente;Céu Claro;Simples;Não Informado;Não;3;0;1;0;2;0;1;3;-19.02941;-40.01888
197801.0;2019-03-18;segunda-feira;14:40:00;101.0;68;SAO MATEUS;Não guardar distância de segurança;Colisão lateral;Com Vítimas Feridas;Pleno dia;Decrescente;Céu Claro;Simples;Reta;Sim;2;0;1;0;1;0;1;2;-18.72155;-39.8633
197846.0;2019-03-18;segunda-feira;18:24:00;262.0;182.9;IUNA;Desobediência às normas de trânsito pelo condutor;Colisão frontal;Com Vítimas Fatais;Plena Noite;Crescente;Céu Claro;Simples;Reta;Não;2;1;0;0;1;0;0;2;-20.29633;-41.68745
197874.0;2019-03-18;segunda-feira;21:00:00;101.0;270;SERRA;Falta de Atenção à Condução;Queda de ocupante de veículo;Com Vítimas Feridas;Plena Noite;Crescente;Nublado;Dupla;Reta;Sim;1;0;1;0;0;0;1;1;-20.22662;-40.27075
197879.0;2019-03-18;segunda-feira;21:13:00;262.0;4.5;CARIACICA;Pista Escorregadia;Colisão traseira;Com Vítimas Feridas;Plena Noite;Crescente;Chuva;Múltipla;Reta;Sim;4;0;1;0;3;0;1;3;-20.33609;-40.37813
197691.0;2019-03-18;segunda-feira;05:20:00;101.0;301.5;VIANA;Condutor Dormindo;Colisão transversal;Com Vítimas Feridas;Plena Noite;Crescente;Céu Claro;Dupla;Interseção de vias;Sim;3;0;0;1;1;1;1;2;-20.36545;-40.44358
200872.0;2019-03-19;terça-feira;21:00:00;101.0;429.7;ATILIO VIVACQUA;Condutor Dormindo;Colisão lateral;Com Vítimas Feridas;Pleno dia;Crescente;Chuva;Simples;Reta;Não;3;0;1;0;2;0;1;2;-21.02566;-41.15891
198033.0;2019-03-19;terça-feira;18:50:00;101.0;292.9;CARIACICA;Falta de Atenção à Condução;Colisão lateral;Com Vítimas Feridas;Plena Noite;Decrescente;Céu Claro;Dupla;Reta;Não;2;0;1;0;0;1;1;2;-20.31376;-40.39548
197969.0;2019-03-19;terça-feira;12:35:00;262.0;22.1;VIANA;Mal Súbito;Colisão frontal;Com Vítimas Fatais;Pleno dia;Decrescente;Céu Claro;Simples;Curva;Não;3;1;2;0;0;0;2;2;-20.37529;-40.51462
197965.0;2019-03-19;terça-feira;11:30:00;259.0;57.7;COLATINA;Desobediência às normas de trânsito pelo condutor;Colisão transversal;Com Vítimas Feridas;Pleno dia;Decrescente;Sol;Simples;Não Informado;Sim;3;0;2;0;1;0;2;2;-19.51852;-40.66317
197936.0;2019-03-19;terça-feira;08:50:00;101.0;270;SERRA;Falta de Atenção à Condução;Colisão traseira;Com Vítimas Feridas;Pleno dia;Crescente;Sol;Dupla;Reta;Sim;2;0;1;0;1;0;1;2;-20.22662;-40.27075
226820.0;2019-03-19;terça-feira;06:50:00;101.0;1.2;SERRA;Não guardar distância de segurança;Colisão lateral;Com Vítimas Feridas;Pleno dia;Crescente;Céu Claro;Dupla;Reta;Sim;4;0;3;0;1;0;3;3;-20.24549;-40.28326
197916.0;2019-03-19;terça-feira;06:59:00;101.0;285.9;CARIACICA;Falta de Atenção do Pedestre;Atropelamento de Pedestre;Com Vítimas Fatais;Pleno dia;Crescente;Céu Claro;Dupla;Desvio Temporário;Sim;2;1;0;0;1;0;0;1;-20.25148;-40.3727
198139.0;2019-03-20;quarta-feira;09:30:00;101.0;270.4;SERRA;Não guardar distância de segurança;Colisão traseira;Com Vítimas Feridas;Pleno dia;Crescente;Céu Claro;Dupla;Interseção de vias;Sim;3;0;1;0;2;0;1;2;-20.22662;-40.27075
198230.0;2019-03-20;quarta-feira;20:45:00;101.0;259;SERRA;Agressão Externa;Colisão com objeto estático;Sem Vítimas;Plena Noite;Crescente;Nublado;Dupla;Curva;Sim;1;0;0;0;1;0;0;1;-20.1384;-40.29221
198227.0;2019-03-20;quarta-feira;19:45:00;101.0;148;LINHARES;Falta de Atenção à Condução;Colisão traseira;Com Vítimas Feridas;Plena Noite;Decrescente;Céu Claro;Simples;Reta;Sim;2;0;1;0;1;0;1;2;-19.38787;-40.06753
198205.0;2019-03-20;quarta-feira;17:50:00;393.0;1.4;CACHOEIRO DE ITAPEMIRIM;Falta de Atenção à Condução;Colisão lateral;Com Vítimas Feridas;Anoitecer;Crescente;Nublado;Simples;Reta;Sim;2;0;1;0;1;0;1;2;-20.83723;-41.16733
198201.0;2019-03-20;quarta-feira;17:00:00;101.0;283.7;CARIACICA;Não guardar distância de segurança;Colisão traseira;Com Vítimas Feridas;Pleno dia;Crescente;Chuva;Múltipla;Não Informado;Sim;2;0;1;0;1;0;1;2;-20.24335;-40.36969
198197.0;2019-03-20;quarta-feira;17:00:00;101.0;306.9;VIANA;Falta de Atenção à Condução;Colisão traseira;Com Vítimas Feridas;Anoitecer;Decrescente;Nublado;Simples;Reta;Não;3;0;2;0;1;0;2;2;-20.39351;-40.46106
198191.0;2019-03-20;quarta-feira;17:00:00;262.0;35;DOMINGOS MARTINS;Defeito Mecânico no Veículo;Colisão frontal;Com Vítimas Feridas;Pleno dia;Crescente;Chuva;Simples;Curva;Não;2;0;0;1;1;0;1;2;-20.38132;-40.59895
198140.0;2019-03-20;quarta-feira;09:55:00;259.0;19.1;JOAO NEIVA;Desobediência às normas de trânsito pelo condutor;Colisão frontal;Com Vítimas Feridas;Pleno dia;Crescente;Sol;Simples;Não Informado;Não;3;0;1;0;2;0;1;2;-19.66056;-40.45632
198119.0;2019-03-20;quarta-feira;09:10:00;262.0;7;CARIACICA;Falta de Atenção do Pedestre;Atropelamento de Pedestre;Com Vítimas Feridas;Pleno dia;Decrescente;Céu Claro;Simples;Viaduto;Não;2;0;0;1;1;0;1;1;-20.34284;-40.40435
198106.0;2019-03-20;quarta-feira;07:40:00;101.0;293;CARIACICA;Defeito Mecânico no Veículo;Colisão traseira;Com Vítimas Feridas;Pleno dia;Crescente;Céu Claro;Dupla;Reta;Sim;2;0;1;0;1;0;1;2;-20.31526;-40.39567
198345.0;2019-03-21;quinta-feira;15:30:00;101.0;22;PEDRO CANARIO;Ingestão de Álcool;Colisão lateral;Sem Vítimas;Pleno dia;Decrescente;Chuva;Simples;Não Informado;Não;2;0;0;0;1;1;0;2;-18.34286;-39.95905
198387.0;2019-03-21;quinta-feira;17:40:00;101.0;271;SERRA;Falta de Atenção à Condução;Colisão traseira;Com Vítimas Feridas;Anoitecer;Decrescente;Céu Claro;Dupla;Reta;Sim;2;0;1;0;1;0;1;2;-20.23267;-40.27658
198411.0;2019-03-21;quinta-feira;17:50:00;101.0;268;SERRA;Falta de Atenção à Condução;Tombamento;Com Vítimas Feridas;Plena Noite;Decrescente;Céu Claro;Dupla;Reta;Sim;2;0;1;0;1;0;1;2;-20.20842;-40.2694
198394.0;2019-03-21;quinta-feira;19:25:00;101.0;266.6;SERRA;Falta de Atenção à Condução;Queda de ocupante de veículo;Com Vítimas Feridas;Plena Noite;Decrescente;Céu Claro;Múltipla;Reta;Sim;2;0;1;0;1;0;1;2;-20.19376;-40.26836
198392.0;2019-03-21;quinta-feira;19:50:00;101.0;294.5;CARIACICA;Falta de Atenção à Condução;Capotamento;Com Vítimas Feridas;Plena Noite;Crescente;Nublado;Simples;Curva;Sim;1;0;0;1;0;0;1;1;-20.32416;-40.39529
199006.0;2019-03-21;quinta-feira;07:40:00;262.0;95.2;DOMINGOS MARTINS;Desobediência às normas de trânsito pelo condutor;Colisão transversal;Com Vítimas Feridas;Pleno dia;Crescente;Nublado;Simples;Reta;Sim;2;0;1;0;1;0;1;2;-20.36592;-41.0604
198295.0;2019-03-21;quinta-feira;10:30:00;101.0;349.8;GUARAPARI;Não guardar distância de segurança;Atropelamento de Pedestre;Com Vítimas Feridas;Pleno dia;Crescente;Nublado;Simples;Não Informado;Não;3;0;0;1;1;1;1;1;-20.65276;-40.64347
198650.0;2019-03-22;sexta-feira;23:10:00;101.0;296;CARIACICA;Falta de Atenção à Condução;Colisão traseira;Com Vítimas Feridas;Plena Noite;Crescente;Chuva;Múltipla;Reta;Sim;2;0;1;1;0;0;2;2;-20.3403;-40.40406
198571.0;2019-03-22;sexta-feira;17:00:00;101.0;264.7;SERRA;Desobediência às normas de trânsito pelo condutor;Colisão transversal;Com Vítimas Feridas;Amanhecer;Decrescente;Chuva;Dupla;Interseção de vias;Sim;2;0;1;0;1;0;1;2;-20.17293;-40.26736
198560.0;2019-03-22;sexta-feira;16:40:00;101.0;174;ARACRUZ;Ingestão de Álcool;Colisão com objeto estático;Com Vítimas Feridas;Plena Noite;Decrescente;Céu Claro;Dupla;Reta;Não;2;0;1;0;1;0;1;1;-19.58047;-40.18782
198524.0;2019-03-22;sexta-feira;11:30:00;262.0;104.7;VENDA NOVA DO IMIGRANTE;Falta de Atenção à Condução;Colisão traseira;Com Vítimas Feridas;Pleno dia;Crescente;Garoa/Chuvisco;Simples;Não Informado;Sim;2;0;1;0;1;0;1;2;-20.33207;-41.12994
198466.0;2019-03-22;sexta-feira;07:30:00;101.0;270;SERRA;Desobediência às normas de trânsito pelo condutor;Colisão transversal;Com Vítimas Feridas;Pleno dia;Decrescente;Nublado;Múltipla;Reta;Sim;2;0;1;0;1;0;1;2;-20.22662;-40.27075
198428.0;2019-03-22;sexta-feira;00:05:00;262.0;35;DOMINGOS MARTINS;Falta de Atenção à Condução;Tombamento;Sem Vítimas;Plena Noite;Decrescente;Céu Claro;Simples;Curva;Não;1;0;0;0;1;0;0;1;-20.38002;-40.59517
198662.0;2019-03-23;sábado;00:01:00;262.0;107;VENDA NOVA DO IMIGRANTE;Ingestão de Álcool;Colisão traseira;Com Vítimas Feridas;Plena Noite;Crescente;Nublado;Simples;Reta;Sim;3;0;0;1;2;0;1;3;-20.32992;-41.15344
198714.0;2019-03-23;sábado;00:05:00;101.0;414;ITAPEMIRIM;Falta de Atenção à Condução;Tombamento;Com Vítimas Feridas;Plena Noite;Crescente;Garoa/Chuvisco;Simples;Interseção de vias;Não;2;0;0;1;1;0;1;1;-20.92346;-41.07836
198741.0;2019-03-23;sábado;10:00:00;101.0;267.1;SERRA;Falta de Atenção à Condução;Colisão lateral;Com Vítimas Feridas;Pleno dia;Decrescente;Sol;Dupla;Reta;Sim;2;0;0;1;1;0;1;2;-20.19931;-40.26885
198839.0;2019-03-23;sábado;18:35:00;101.0;146;LINHARES;Falta de Atenção à Condução;Queda de ocupante de veículo;Com Vítimas Feridas;Plena Noite;Decrescente;Chuva;Múltipla;Reta;Sim;1;0;0;1;0;0;1;1;-19.36991;-40.06561
198864.0;2019-03-23;sábado;20:50:00;101.0;64.6;SAO MATEUS;Defeito Mecânico no Veículo;Incêndio;Sem Vítimas;Plena Noite;Crescente;Céu Claro;Dupla;Reta;Sim;1;0;0;0;1;0;0;1;-18.70429;-39.87066
198868.0;2019-03-23;sábado;20:45:00;101.0;167.5;LINHARES;Falta de Atenção à Condução;Colisão traseira;Com Vítimas Feridas;Plena Noite;Crescente;Garoa/Chuvisco;Simples;Reta;Não;2;0;0;1;0;1;1;2;-19.52735;-40.15218
198991.0;2019-03-24;domingo;13:45:00;101.0;282;SERRA;Falta de Atenção à Condução;Colisão com objeto estático;Com Vítimas Feridas;Pleno dia;Crescente;Céu Claro;Dupla;Reta;Sim;1;0;1;0;0;0;1;1;-20.22694;-40.36458
199044.0;2019-03-24;domingo;19:00:00;101.0;293;CARIACICA;Desobediência às normas de trânsito pelo condutor;Colisão frontal;Com Vítimas Feridas;Plena Noite;Decrescente;Céu Claro;Múltipla;Reta;Sim;2;0;0;1;0;1;1;2;-20.31526;-40.39567
198987.0;2019-03-24;domingo;12:45:00;101.0;281;SERRA;Mal Súbito;Saída de leito carroçável;Com Vítimas Fatais;Pleno dia;Crescente;Sol;Dupla;Reta;Não;1;1;0;0;0;0;0;1;-20.22113;-40.35721
198954.0;2019-03-24;domingo;07:10:00;101.0;267.9;SERRA;Falta de Atenção à Condução;Queda de ocupante de veículo;Com Vítimas Feridas;Amanhecer;Decrescente;Nublado;Múltipla;Reta;Sim;1;0;1;0;0;0;1;1;-20.19931;-40.26885
212748.0;2019-03-24;domingo;19:30:00;262.0;158.3;IBATIBA;Defeito Mecânico no Veículo;Saída de leito carroçável;Com Vítimas Fatais;Plena Noite;Crescente;Nublado;Simples;Reta;Sim;1;1;0;0;0;0;0;1;-20.23027;-41.49909
199000.0;2019-03-24;domingo;15:08:00;393.0;1.7;CACHOEIRO DE ITAPEMIRIM;Ingestão de Álcool;Colisão frontal;Sem Vítimas;Pleno dia;Crescente;Nublado;Dupla;Reta;Sim;2;0;0;0;2;0;0;2;-20.83723;-41.16733
199123.0;2019-03-25;segunda-feira;01:10:00;101.0;8.5;PEDRO CANARIO;Falta de Atenção à Condução;Saída de leito carroçável;Com Vítimas Feridas;Plena Noite;Decrescente;Nublado;Simples;Reta;Não;1;0;0;1;0;0;1;1;-18.23028;-39.95278
199157.0;2019-03-25;segunda-feira;08:20:00;262.0;1.4;CARIACICA;Falta de Atenção do Pedestre;Atropelamento de Pedestre;Com Vítimas Feridas;Pleno dia;Decrescente;Céu Claro;Dupla;Reta;Sim;4;0;1;1;1;1;2;2;-20.32955;-40.35493
199192.0;2019-03-25;segunda-feira;11:20:00;101.0;147;LINHARES;Falta de Atenção à Condução;Colisão traseira;Sem Vítimas;Pleno dia;Crescente;Céu Claro;Múltipla;Reta;Não;2;0;0;0;2;0;0;2;-19.37887;-40.06658
199228.0;2019-03-25;segunda-feira;15:55:00;262.0;3.7;CARIACICA;Falta de Atenção à Condução;Colisão lateral;Com Vítimas Feridas;Pleno dia;Crescente;Sol;Dupla;Não Informado;Sim;3;0;1;1;1;0;2;2;-20.33374;-40.36911
199197.0;2019-03-25;segunda-feira;12:20:00;259.0;49.1;COLATINA;Falta de Atenção à Condução;Tombamento;Com Vítimas Feridas;Pleno dia;Crescente;Sol;Simples;Interseção de vias;Não;1;0;1;0;0;0;1;1;-19.51263;-40.60414
199378.0;2019-03-26;terça-feira;12:00:00;101.0;214.1;IBIRACU;Desobediência às normas de trânsito pelo condutor;Colisão transversal;Com Vítimas Feridas;Pleno dia;Decrescente;Céu Claro;Simples;Interseção de vias;Sim;2;0;1;0;1;0;1;2;-19.82999;-40.37211
199326.0;2019-03-26;terça-feira;07:30:00;101.0;271.7;SERRA;Falta de Atenção à Condução;Colisão transversal;Com Vítimas Feridas;Pleno dia;Decrescente;Céu Claro;Dupla;Reta;Sim;2;0;0;2;0;0;2;2;-20.2278;-40.28396
199311.0;2019-03-26;terça-feira;05:10:00;101.0;228.5;FUNDAO;Falta de Atenção à Condução;Colisão transversal;Com Vítimas Feridas;Amanhecer;Crescente;Céu Claro;Simples;Curva;Não;2;0;0;1;1;0;1;2;-19.91869;-40.40571
199421.0;2019-03-26;terça-feira;18:10:00;262.0;19;VIANA;Ultrapassagem Indevida;Colisão lateral;Com Vítimas Feridas;Anoitecer;Crescente;Céu Claro;Simples;Reta;Não;3;0;1;0;2;0;1;2;-20.39191;-40.49002
199432.0;2019-03-26;terça-feira;15:30:00;262.0;105;VENDA NOVA DO IMIGRANTE;Falta de Atenção do Pedestre;Atropelamento de Pedestre;Com Vítimas Feridas;Pleno dia;Decrescente;Nublado;Múltipla;Reta;Sim;2;0;0;1;1;0;1;1;-20.32625;-41.13599
199485.0;2019-03-27;quarta-feira;05:20:00;101.0;299;VIANA;Ingestão de álcool e/ou substâncias psicoativas pelo pedestre;Atropelamento de Pedestre;Com Vítimas Feridas;Amanhecer;Decrescente;Céu Claro;Dupla;Curva;Sim;2;0;1;0;1;0;1;1;-20.35861;-40.42328
199501.0;2019-03-27;quarta-feira;08:00:00;101.0;293.4;CARIACICA;Falta de Atenção à Condução;Colisão traseira;Com Vítimas Feridas;Pleno dia;Decrescente;Sol;Simples;Reta;Não;2;0;1;0;1;0;1;2;-20.31526;-40.39567
199619.0;2019-03-27;quarta-feira;21:40:00;101.0;261.4;SERRA;Velocidade Incompatível;Saída de leito carroçável;Com Vítimas Feridas;Plena Noite;Decrescente;Chuva;Dupla;Reta;Sim;1;0;1;0;0;0;1;1;-20.14854;-40.27971
199521.0;2019-03-27;quarta-feira;11:10:00;101.0;1.1;SERRA;Velocidade Incompatível;Colisão com objeto estático;Com Vítimas Fatais;Pleno dia;Decrescente;Céu Claro;Dupla;Reta;Sim;1;1;0;0;0;0;0;1;-20.24272;-40.28123
199542.0;2019-03-27;quarta-feira;13:20:00;101.0;174;ARACRUZ;Falta de Atenção à Condução;Colisão traseira;Com Vítimas Feridas;Pleno dia;Crescente;Sol;Múltipla;Reta;Sim;4;0;0;3;1;0;3;2;-19.58047;-40.18782
199748.0;2019-03-28;quinta-feira;17:20:00;101.0;127.6;SOORETAMA;Falta de Atenção à Condução;Colisão transversal;Com Vítimas Feridas;Plena Noite;Decrescente;Céu Claro;Simples;Reta;Sim;2;0;1;0;0;1;1;2;-19.2029;-40.09552