id;data_inversa;dia_semana;horario;br;km;municipio;causa_acidente;tipo_acidente;classificacao_acidente;fase_dia;sentido_via;condicao_metereologica;tipo_pista;tracado_via;uso_solo;pessoas;mortos;feridos_leves;feridos_graves;ilesos;ignorados;feridos;veiculos;latitude;longitude
199668.0;2019-03-28;quinta-feira;07:50:00;101.0;259.3;SERRA;Falta de Atenção à Condução;Saída de leito carroçável;Com Vítimas Feridas;Pleno dia;Crescente;Sol;Dupla;Não Informado;Sim;3;0;2;0;1;0;2;2;-20.1384;-40.29236
199662.0;2019-03-28;quinta-feira;06:50:00;101.0;304.7;VIANA;Falta de Atenção à Condução;Colisão transversal;Com Vítimas Feridas;Pleno dia;Crescente;Céu Claro;Simples;Retorno Regulamentado;Sim;2;0;1;0;1;0;1;2;-20.38006;-40.45431
199658.0;2019-03-28;quinta-feira;06:25:00;101.0;360.8;ANCHIETA;Velocidade Incompatível;Colisão com objeto estático;Com Vítimas Feridas;Amanhecer;Crescente;Chuva;Simples;Curva;Não;2;0;2;0;0;0;2;1;-20.70436;-40.71735
199786.0;2019-03-28;quinta-feira;18:20:00;262.0;2.5;CARIACICA;Falta de Atenção do Pedestre;Atropelamento de Pedestre;Com Vítimas Feridas;Anoitecer;Crescente;Céu Claro;Múltipla;Não Informado;Não;2;0;0;1;0;1;1;1;-20.33276;-40.36078
199878.0;2019-03-29;sexta-feira;09:50:00;101.0;146.7;LINHARES;Falta de Atenção à Condução;Colisão transversal;Com Vítimas Feridas;Pleno dia;Decrescente;Céu Claro;Dupla;Reta;Sim;2;0;1;0;1;0;1;2;-19.36991;-40.06561
199995.0;2019-03-29;sexta-feira;23:00:00;101.0;125;SOORETAMA;Desobediência às normas de trânsito pelo condutor;Colisão traseira;Com Vítimas Feridas;Plena Noite;Crescente;Céu Claro;Dupla;Reta;Não;2;0;1;0;1;0;1;2;-19.18496;-40.0943
199965.0;2019-03-29;sexta-feira;14:00:00;262.0;81;DOMINGOS MARTINS;Desobediência às normas de trânsito pelo condutor;Saída de leito carroçável;Com Vítimas Feridas;Pleno dia;Crescente;Nublado;Simples;Reta;Não;1;0;1;0;0;0;1;1;-20.40767;-40.94805
199942.0;2019-03-29;sexta-feira;19:40:00;101.0;212.7;IBIRACU;Desobediência às normas de trânsito pelo condutor;Colisão transversal;Com Vítimas Feridas;Plena Noite;Crescente;Céu Claro;Simples;Reta;Sim;3;0;1;0;1;1;1;2;-19.82353;-40.36982
199890.0;2019-03-29;sexta-feira;11:45:00;101.0;65;SAO MATEUS;Falta de Atenção à Condução;Atropelamento de Pedestre;Com Vítimas Feridas;Pleno dia;Crescente;Chuva;Dupla;Reta;Sim;2;0;0;1;1;0;1;1;-18.70936;-39.87762
199825.0;2019-03-29;sexta-feira;06:40:00;101.0;240;SERRA;Agressão Externa;Colisão com objeto em movimento;Com Vítimas Feridas;Pleno dia;Crescente;Céu Claro;Simples;Reta;Não;1;0;1;0;0;0;1;1;-20.01594;-40.40402
200142.0;2019-03-30;sábado;14:15:00;101.0;229;FUNDAO;Falta de Atenção à Condução;Colisão traseira;Com Vítimas Feridas;Pleno dia;Decrescente;Nublado;Simples;Reta;Sim;2;0;1;0;1;0;1;2;-19.92728;-40.40587
200185.0;2019-03-30;sábado;18:00:00;101.0;261.6;SERRA;Falta de Atenção à Condução;Tombamento;Com Vítimas Feridas;Amanhecer;Crescente;Céu Claro;Dupla;Reta;Sim;1;0;1;0;0;0;1;1;-20.14854;-40.27971
200189.0;2019-03-30;sábado;18:30:00;101.0;147;LINHARES;Desobediência às normas de trânsito pelo condutor;Colisão transversal;Com Vítimas Feridas;Plena Noite;Crescente;Céu Claro;Simples;Rotatória;Sim;2;0;0;1;1;0;1;2;-19.37887;-40.06658
200070.0;2019-03-30;sábado;09:20:00;101.0;419.1;CACHOEIRO DE ITAPEMIRIM;Falta de Atenção à Condução;Colisão com objeto em movimento;Com Vítimas Feridas;Pleno dia;Crescente;Céu Claro;Simples;Curva;Não;2;0;1;0;0;1;1;2;-20.95925;-41.10119
200053.0;2019-03-30;sábado;07:00:00;101.0;285.5;CARIACICA;Falta de Atenção à Condução;Colisão traseira;Com Vítimas Feridas;Pleno dia;Crescente;Céu Claro;Dupla;Não Informado;Sim;3;0;2;0;1;0;2;2;-20.25148;-40.3727
200027.0;2019-03-30;sábado;04:30:00;101.0;269.5;SERRA;Desobediência às normas de trânsito pelo condutor;Colisão transversal;Com Vítimas Feridas;Amanhecer;Crescente;Céu Claro;Múltipla;Interseção de vias;Sim;3;0;1;0;2;0;1;2;-20.2174;-40.26991
200140.0;2019-03-30;sábado;14:15:00;101.0;145;LINHARES;Falta de Atenção à Condução;Colisão transversal;Com Vítimas Feridas;Pleno dia;Crescente;Sol;Múltipla;Reta;Sim;4;0;0;2;2;0;2;3;-19.3609;-40.06464
200035.0;2019-03-30;sábado;05:10:00;262.0;6;CARIACICA;Desobediência às normas de trânsito pelo condutor;Colisão frontal;Sem Vítimas;Pleno dia;Decrescente;Céu Claro;Múltipla;Reta;Sim;2;0;0;0;2;0;0;2;-20.34007;-40.39451
200440.0;2019-03-31;domingo;20:10:00;101.0;260.6;SERRA;Desobediência às normas de trânsito pelo condutor;Colisão frontal;Com Vítimas Feridas;Plena Noite;Decrescente;Nublado;Múltipla;Curva;Não;2;0;0;2;0;0;2;2;-20.1471;-40.28118
200415.0;2019-03-31;domingo;19:20:00;101.0;69.9;SAO MATEUS;Falta de Atenção à Condução;Colisão frontal;Com Vítimas Fatais;Plena Noite;Crescente;Céu Claro;Simples;Não Informado;Não;2;1;0;0;1;0;0;2;-18.73556;-39.8607
200386.0;2019-03-31;domingo;17:10:00;101.0;148;LINHARES;Não guardar distância de segurança;Colisão traseira;Com Vítimas Feridas;Anoitecer;Crescente;Céu Claro;Simples;Reta;Sim;2;0;0;1;1;0;1;2;-19.38787;-40.06753
200356.0;2019-03-31;domingo;14:00:00;101.0;267.9;SERRA;Falta de Atenção à Condução;Colisão traseira;Com Vítimas Feridas;Pleno dia;Crescente;Céu Claro;Múltipla;Reta;Sim;5;0;1;2;2;0;3;3;-20.19931;-40.26885
200339.0;2019-03-31;domingo;12:45:00;262.0;38.9;DOMINGOS MARTINS;Defeito Mecânico no Veículo;Colisão com objeto em movimento;Com Vítimas Feridas;Pleno dia;Decrescente;Nublado;Simples;Reta;Não;3;0;0;1;1;1;1;2;-20.38085;-40.62069
200295.0;2019-03-31;domingo;03:51:00;101.0;320;GUARAPARI;Não guardar distância de segurança;Colisão traseira;Com Vítimas Feridas;Amanhecer;Crescente;Céu Claro;Simples;Reta;Sim;2;0;1;0;1;0;1;2;-20.51234;-40.47639
200260.0;2019-03-31;domingo;00:01:00;101.0;296.6;VIANA;Defeito Mecânico no Veículo;Incêndio;Sem Vítimas;Plena Noite;Crescente;Céu Claro;Múltipla;Curva;Sim;1;0;0;0;1;0;0;1;-20.34394;-40.4091
200446.0;2019-03-31;domingo;20:30:00;101.0;81.1;SAO MATEUS;Falta de Atenção à Condução;Saída de leito carroçável;Com Vítimas Feridas;Plena Noite;Crescente;Céu Claro;Simples;Reta;Não;1;0;1;0;0;0;1;1;-18.82883;-39.91226
200524.0;2019-04-01;segunda-feira;07:40:00;101.0;296;CARIACICA;Desobediência às normas de trânsito pelo condutor;Colisão lateral;Sem Vítimas;Pleno dia;Crescente;Sol;Múltipla;Interseção de vias;Sim;7;0;0;0;3;4;0;2;-20.34262;-40.40622
200503.0;2019-04-01;segunda-feira;01:00:00;101.0;366.5;ANCHIETA;Falta de Atenção à Condução;Saída de leito carroçável;Com Vítimas Feridas;Plena Noite;Decrescente;Nublado;Simples;Curva;Não;1;0;1;0;0;0;1;1;-20.73591;-40.75978
200484.0;2019-04-01;segunda-feira;01:05:00;101.0;263.8;SERRA;Desobediência às normas de trânsito pelo condutor;Colisão lateral;Com Vítimas Feridas;Plena Noite;Crescente;Céu Claro;Múltipla;Reta;Não;2;0;1;0;1;0;1;2;-20.17293;-40.26736
200475.0;2019-04-01;segunda-feira;00:00:00;101.0;144.5;LINHARES;Falta de Atenção à Condução;Capotamento;Sem Vítimas;Plena Noite;Decrescente;Céu Claro;Múltipla;Reta;Sim;1;0;0;0;1;0;0;1;-19.35188;-40.06367
200651.0;2019-04-01;segunda-feira;21:00:00;101.0;436.7;MIMOSO DO SUL;Ultrapassagem Indevida;Capotamento;Com Vítimas Feridas;Plena Noite;Decrescente;Céu Claro;Simples;Reta;Não;2;0;2;0;0;0;2;1;-21.05841;-41.20415
200609.0;2019-04-01;segunda-feira;06:50:00;101.0;72.1;SAO MATEUS;Defeito Mecânico no Veículo;Queda de ocupante de veículo;Com Vítimas Feridas;Pleno dia;Crescente;Céu Claro;Simples;Reta;Não;1;0;0;1;0;0;1;1;-18.76249;-39.86354
200606.0;2019-04-01;segunda-feira;17:30:00;101.0;270.7;SERRA;Velocidade Incompatível;Tombamento;Com Vítimas Feridas;Plena Noite;Crescente;Céu Claro;Dupla;Viaduto;Sim;1;0;1;0;0;0;1;1;-20.22662;-40.27075
200596.0;2019-04-01;segunda-feira;17:35:00;101.0;325;GUARAPARI;Objeto estático sobre o leito carroçável;Colisão com objeto estático;Com Vítimas Feridas;Anoitecer;Crescente;Céu Claro;Simples;Reta;Não;3;0;2;0;1;0;2;2;-20.55491;-40.48065
200594.0;2019-04-01;segunda-feira;17:10:00;101.0;270.5;SERRA;Falta de Atenção do Pedestre;Atropelamento de Pedestre;Com Vítimas Feridas;Anoitecer;Decrescente;Céu Claro;Dupla;Reta;Sim;3;0;0;1;1;1;1;1;-20.22662;-40.27075
200545.0;2019-04-01;segunda-feira;11:15:00;101.0;268.9;SERRA;Desobediência às normas de trânsito pelo condutor;Atropelamento de Pedestre;Com Vítimas Feridas;Pleno dia;Decrescente;Céu Claro;Simples;Reta;Sim;3;0;1;0;2;0;1;2;-20.21631;-40.26992
200837.0;2019-04-02;terça-feira;22:40:00;262.0;170.9;IBATIBA;Defeito Mecânico no Veículo;Danos eventuais;Sem Vítimas;Plena Noite;Crescente;Céu Claro;Simples;Reta;Não;1;0;0;0;1;0;0;1;-20.26475;-41.58454
200741.0;2019-04-02;terça-feira;13:30:00;101.0;380;ICONHA;Defeito na Via;Queda de ocupante de veículo;Com Vítimas Feridas;Pleno dia;Crescente;Céu Claro;Simples;Reta;Não;1;0;1;0;0;0;1;1;-20.80767;-40.83488
200699.0;2019-04-02;terça-feira;07:40:00;101.0;140;LINHARES;Desobediência às normas de trânsito pelo condutor;Colisão transversal;Com Vítimas Feridas;Pleno dia;Crescente;Sol;Simples;Retorno Regulamentado;Sim;2;0;1;0;1;0;1;2;-19.31817;-40.07552
200785.0;2019-04-02;terça-feira;18:15:00;101.0;147;LINHARES;Falta de Atenção à Condução;Colisão transversal;Com Vítimas Feridas;Plena Noite;Decrescente;Céu Claro;Simples;Interseção de vias;Sim;2;0;0;2;0;0;2;2;-19.37887;-40.06658
200791.0;2019-04-02;terça-feira;19:00:00;101.0;145;LINHARES;Não guardar distância de segurança;Engavetamento;Sem Vítimas;Plena Noite;Crescente;Céu Claro;Dupla;Reta;Sim;4;0;0;0;4;0;0;4;-19.3609;-40.06464
200985.0;2019-04-03;quarta-feira;19:50:00;101.0;136.5;LINHARES;Desobediência às normas de trânsito pelo condutor;Colisão traseira;Com Vítimas Feridas;Plena Noite;Decrescente;Nublado;Simples;Reta;Não;5;0;0;2;3;0;2;2;-19.28406;-40.08689
200960.0;2019-04-03;quarta-feira;06:20:00;262.0;159.8;IBATIBA;Falta de Atenção à Condução;Queda de ocupante de veículo;Com Vítimas Feridas;Pleno dia;Crescente;Céu Claro;Simples;Curva;Sim;1;0;0;1;0;0;1;1;-20.23433;-41.50583
200886.0;2019-04-03;quarta-feira;10:10:00;101.0;270;SERRA;Desobediência às normas de trânsito pelo condutor;Colisão frontal;Com Vítimas Feridas;Pleno dia;Decrescente;Céu Claro;Dupla;Reta;Sim;3;0;1;0;2;0;1;3;-20.22662;-40.27075
200884.0;2019-04-03;quarta-feira;09:25:00;101.0;416.7;CACHOEIRO DE ITAPEMIRIM;Não guardar distância de segurança;Colisão traseira;Sem Vítimas;Pleno dia;Crescente;Céu Claro;Simples;Reta;Não;2;0;0;0;2;0;0;2;-20.93997;-41.08374
200864.0;2019-04-03;quarta-feira;07:20:00;101.0;273.1;SERRA;Falta de Atenção à Condução;Tombamento;Com Vítimas Feridas;Pleno dia;Decrescente;Céu Claro;Dupla;Reta;Não;1;0;1;0;0;0;1;1;-20.22029;-40.29049
200849.0;2019-04-03;quarta-feira;03:45:00;101.0;298.5;VIANA;Desobediência às normas de trânsito pelo condutor;Colisão traseira;Com Vítimas Feridas;Plena Noite;Decrescente;Céu Claro;Dupla;Não Informado;Sim;2;0;0;2;0;0;2;2;-20.35532;-40.41703
201126.0;2019-04-04;quinta-feira;16:50:00;101.0;285;CARIACICA;Pista Escorregadia;Queda de ocupante de veículo;Com Vítimas Feridas;Anoitecer;Crescente;Chuva;Múltipla;Reta;Sim;1;0;1;0;0;0;1;1;-20.25148;-40.3727
201159.0;2019-04-04;quinta-feira;18:45:00;262.0;2;CARIACICA;Falta de Atenção à Condução;Colisão lateral;Com Vítimas Feridas;Plena Noite;Decrescente;Garoa/Chuvisco;Dupla;Reta;Sim;2;0;1;0;1;0;1;2;-20.33276;-40.36078
201079.0;2019-04-04;quinta-feira;12:00:00;101.0;258;SERRA;Não guardar distância de segurança;Colisão traseira;Com Vítimas Feridas;Pleno dia;Crescente;Céu Claro;Dupla;Reta;Não;3;0;1;0;2;0;1;3;-20.1306;-40.2961
201060.0;2019-04-04;quinta-feira;09:50:00;101.0;125.5;SOORETAMA;Falta de Atenção à Condução;Colisão lateral;Com Vítimas Feridas;Pleno dia;Crescente;Sol;Dupla;Reta;Sim;2;0;0;1;1;0;1;2;-19.18496;-40.0943
201059.0;2019-04-04;quinta-feira;09:50:00;101.0;190.5;ARACRUZ;Falta de Atenção à Condução;Colisão transversal;Com Vítimas Feridas;Pleno dia;Crescente;Céu Claro;Simples;Rotatória;Sim;3;0;0;2;1;0;2;2;-19.68561;-40.27854
222626.0;2019-04-04;quinta-feira;22:30:00;262.0;2.1;CARIACICA;Falta de Atenção à Condução;Colisão traseira;Com Vítimas Feridas;Plena Noite;Crescente;Chuva;Múltipla;Reta;Não;2;0;1;0;0;1;1;2;-20.33217;-40.36237
201099.0;2019-04-04;quinta-feira;14:25:00;101.0;267.9;SERRA;Não guardar distância de segurança;Colisão traseira;Com Vítimas Feridas;Pleno dia;Decrescente;Sol;Múltipla;Reta;Não;2;0;1;0;1;0;1;2;-20.19931;-40.26885
207748.0;2019-04-05;sexta-feira;06:37:00;262.0;2.7;CARIACICA;Falta de Atenção à Condução;Colisão traseira;Com Vítimas Feridas;Pleno dia;Crescente;Céu Claro;Dupla;Reta;Sim;2;0;1;0;1;0;1;2;-20.33204;-40.36678
201430.0;2019-04-05;sexta-feira;11:00:00;101.0;268.1;SERRA;Animais na Pista;Atropelamento de Animal;Com Vítimas Feridas;Pleno dia;Decrescente;Céu Claro;Múltipla;Reta;Sim;1;0;1;0;0;0;1;1;-20.20842;-40.2694
201271.0;2019-04-05;sexta-feira;09:55:00;101.0;264;SERRA;Desobediência às normas de trânsito pelo condutor;Colisão transversal;Com Vítimas Feridas;Pleno dia;Crescente;Céu Claro;Múltipla;Reta;Sim;2;0;1;0;1;0;1;2;-20.17293;-40.26736
201405.0;2019-04-05;sexta-feira;20:35:00;101.0;259.9;SERRA;Falta de Atenção à Condução;Queda de ocupante de veículo;Com Vítimas Feridas;Plena Noite;Decrescente;Céu Claro;Dupla;Reta;Sim;2;0;2;0;0;0;2;1;-20.1384;-40.29221
201221.0;2019-04-05;sexta-feira;02:50:00;101.0;246.3;SERRA;Condutor Dormindo;Saída de leito carroçável;Sem Vítimas;Plena Noite;Crescente;Céu Claro;Dupla;Reta;Não;2;0;0;0;2;0;0;1;-20.06198;-40.37679
201226.0;2019-04-05;sexta-feira;04:40:00;101.0;154;LINHARES;Falta de Atenção à Condução;Colisão lateral;Com Vítimas Feridas;Amanhecer;Decrescente;Céu Claro;Simples;Reta;Sim;2;0;1;0;1;0;1;2;-19.43088;-40.08394
201363.0;2019-04-05;sexta-feira;18:35:00;101.0;253;SERRA;Não guardar distância de segurança;Colisão traseira;Sem Vítimas;Plena Noite;Crescente;Céu Claro;Simples;Não Informado;Sim;2;0;0;0;2;0;0;2;-20.11267;-40.32418
201228.0;2019-04-05;sexta-feira;04:42:00;101.0;155;LINHARES;Falta de Atenção à Condução;Saída de leito carroçável;Com Vítimas Feridas;Amanhecer;Crescente;Nublado;Simples;Reta;Não;1;0;0;1;0;0;1;1;-19.43842;-40.08914
201241.0;2019-04-05;sexta-feira;06:50:00;262.0;2.3;CARIACICA;Desobediência às normas de trânsito pelo condutor;Colisão transversal;Com Vítimas Feridas;Pleno dia;Decrescente;Céu Claro;Dupla;Reta;Sim;2;0;0;1;1;0;1;2;-20.33276;-40.36078
201269.0;2019-04-05;sexta-feira;09:15:00;262.0;1;CARIACICA;Pista Escorregadia;Queda de ocupante de veículo;Com Vítimas Feridas;Pleno dia;Decrescente;Céu Claro;Dupla;Curva;Não;2;0;0;2;0;0;2;1;-20.32955;-40.35493
201289.0;2019-04-05;sexta-feira;11:00:00;259.0;8;JOAO NEIVA;Ultrapassagem Indevida;Saída de leito carroçável;Com Vítimas Feridas;Pleno dia;Decrescente;Céu Claro;Simples;Reta;Não;1;0;0;1;0;0;1;1;-19.68073;-40.39142
201349.0;2019-04-05;sexta-feira;16:50:00;101.0;263;SERRA;Não guardar distância de segurança;Colisão traseira;Sem Vítimas;Anoitecer;Crescente;Céu Claro;Dupla;Reta;Sim;2;0;0;0;2;0;0;2;-20.16555;-40.27302
201355.0;2019-04-05;sexta-feira;16:40:00;393.0;23.8;MUQUI;Velocidade Incompatível;Colisão frontal;Com Vítimas Feridas;Pleno dia;Crescente;Céu Claro;Simples;Curva;Não;2;0;1;1;0;0;2;2;-20.94057;-41.331
201423.0;2019-04-05;sexta-feira;23:15:00;101.0;137;LINHARES;Falta de Atenção à Condução;Queda de ocupante de veículo;Com Vítimas Feridas;Plena Noite;Crescente;Céu Claro;Simples;Reta;Sim;1;0;1;0;0;0;1;1;-19.29308;-40.08592
201504.0;2019-04-06;sábado;06:50:00;101.0;262;SERRA;Falta de Atenção à Condução;Colisão traseira;Com Vítimas Feridas;Pleno dia;Crescente;Sol;Múltipla;Reta;Sim;3;0;1;0;2;0;1;3;-20.15723;-40.27678
201594.0;2019-04-06;sábado;16:30:00;262.0;37.3;DOMINGOS MARTINS;Falta de Atenção à Condução;Colisão transversal;Com Vítimas Fatais;Pleno dia;Crescente;Céu Claro;Simples;Interseção de vias;Sim;3;2;0;0;1;0;0;2;-20.38123;-40.61933
201519.0;2019-04-06;sábado;09:55:00;101.0;65;SAO MATEUS;Desobediência às normas de trânsito pelo condutor;Colisão transversal;Com Vítimas Feridas;Pleno dia;Crescente;Céu Claro;Simples;Interseção de vias;Sim;3;0;1;0;1;1;1;2;-18.71685;-39.8737
201491.0;2019-04-06;sábado;07:15:00;101.0;274.9;SERRA;Condutor Dormindo;Saída de leito carroçável;Com Vítimas Feridas;Pleno dia;Decrescente;Sol;Simples;Reta;Sim;1;0;1;0;0;0;1;1;-20.21289;-40.29612
201480.0;2019-04-06;sábado;06:15:00;101.0;109.7;SOORETAMA;Falta de Atenção à Condução;Colisão frontal;Com Vítimas Fatais;Pleno dia;Decrescente;Céu Claro;Dupla;Não Informado;Não;3;2;0;0;1;0;0;2;-19.05398;-40.03082
201606.0;2019-04-06;sábado;17:00:00;101.0;147;LINHARES;Falta de Atenção à Condução;Colisão traseira;Com Vítimas Feridas;Pleno dia;Decrescente;Céu Claro;Dupla;Reta;Sim;2;0;1;0;0;1;1;2;-19.37887;-40.06658
201614.0;2019-04-06;sábado;18:55:00;262.0;58.4;MARECHAL FLORIANO;Desobediência às normas de trânsito pelo condutor;Colisão transversal;Com Vítimas Feridas;Plena Noite;Decrescente;Céu Claro;Simples;Não Informado;Não;4;0;0;3;0;1;3;2;-20.42283;-40.7744
201632.0;2019-04-06;sábado;19:25:00;101.0;267.9;SERRA;Desobediência às normas de trânsito pelo condutor;Colisão transversal;Com Vítimas Feridas;Plena Noite;Decrescente;Céu Claro;Múltipla;Reta;Sim;2;0;1;0;1;0;1;2;-20.19931;-40.26885
201637.0;2019-04-06;sábado;20:20:00;101.0;358;ANCHIETA;Ingestão de Álcool;Queda de ocupante de veículo;Com Vítimas Feridas;Plena Noite;Crescente;Céu Claro;Simples;Reta;Não;1;0;1;0;0;0;1;1;-20.69172;-40.70425
201695.0;2019-04-06;sábado;17:20:00;262.0;28.8;VIANA;Defeito Mecânico no Veículo;Incêndio;Sem Vítimas;Pleno dia;Decrescente;Céu Claro;Simples;Reta;Não;1;0;0;0;1;0;0;1;-20.38427;-40.55863
201539.0;2019-04-06;sábado;11:10:00;101.0;270.2;SERRA;Falta de Atenção à Condução;Colisão traseira;Com Vítimas Feridas;Pleno dia;Decrescente;Sol;Múltipla;Reta;Sim;3;0;2;0;0;1;2;2;-20.22921;-40.27224
201715.0;2019-04-07;domingo;03:50:00;101.0;189;ARACRUZ;Desobediência às normas de trânsito pelo condutor;Tombamento;Com Vítimas Feridas;Plena Noite;Crescente;Céu Claro;Simples;Reta;Não;1;0;1;0;0;0;1;1;-19.68134;-40.27052
201845.0;2019-04-07;domingo;16:30:00;262.0;19;VIANA;Falta de Atenção à Condução;Colisão traseira;Sem Vítimas;Pleno dia;Decrescente;Sol;Simples;Reta;Sim;3;0;0;0;2;1;0;2;-20.39191;-40.49002
201737.0;2019-04-07;domingo;06:10:00;101.0;145;LINHARES;Condutor Dormindo;Colisão com objeto estático;Com Vítimas Feridas;Amanhecer;Crescente;Céu Claro;Dupla;Reta;Não;1;0;1;0;0;0;1;1;-19.3609;-40.06464
201742.0;2019-04-07;domingo;03:15:00;101.0;281;CARIACICA;Falta de Atenção à Condução;Colisão com objeto estático;Sem Vítimas;Plena Noite;Crescente;Nublado;Múltipla;Reta;Sim;1;0;0;0;0;1;0;1;-20.22113;-40.35721
201884.0;2019-04-07;domingo;19:00:00;101.0;402;ITAPEMIRIM;Falta de Atenção à Condução;Tombamento;Com Vítimas Feridas;Plena Noite;Crescente;Céu Claro;Simples;Interseção de vias;Sim;2;0;2;0;0;0;2;1;-20.88915;-40.99004
201750.0;2019-04-07;domingo;06:00:00;101.0;83;SAO MATEUS;Velocidade Incompatível;Tombamento;Sem Vítimas;Pleno dia;Crescente;Céu Claro;Simples;Não Informado;Não;1;0;0;0;1;0;0;1;-18.84352;-39.92324
201784.0;2019-04-07;domingo;09:45:00;101.0;191.3;LINHARES;Defeito Mecânico no Veículo;Tombamento;Com Vítimas Feridas;Pleno dia;Crescente;Sol;Simples;Reta;Não;2;0;2;0;0;0;2;1;-19.68909;-40.28696
201881.0;2019-04-07;domingo;19:00:00;101.0;269.9;SERRA;Falta de Atenção à Condução;Tombamento;Com Vítimas Feridas;Plena Noite;Decrescente;Céu Claro;Múltipla;Reta;Sim;1;0;1;0;0;0;1;1;-20.2174;-40.26991
201935.0;2019-04-07;domingo;22:20:00;101.0;29;CONCEICAO DA BARRA;Condutor Dormindo;Saída de leito carroçável;Sem Vítimas;Plena Noite;Decrescente;Céu Claro;Simples;Reta;Não;1;0;0;0;1;0;0;1;-18.39992;-39.93878
201837.0;2019-04-07;domingo;15:30:00;101.0;143;LINHARES;Falta de Atenção à Condução;Colisão traseira;Com Vítimas Feridas;Pleno dia;Decrescente;Sol;Dupla;Curva;Sim;2;0;1;0;1;0;1;2;-19.34287;-40.06386
201811.0;2019-04-07;domingo;12:40:00;482.0;76;ALEGRE;Falta de Atenção à Condução;Colisão transversal;Com Vítimas Fatais;Pleno dia;Crescente;Céu Claro;Simples;Interseção de vias;Não;5;1;3;1;0;0;4;2;-20.74617;-41.4838
203458.0;2019-04-08;segunda-feira;03:20:00;262.0;28.8;VIANA;Restrição de Visibilidade;Colisão traseira;Sem Vítimas;Plena Noite;Decrescente;Céu Claro;Simples;Não Informado;Não;2;0;0;0;2;0;0;2;-20.38427;-40.55863
201968.0;2019-04-08;segunda-feira;02:10:00;101.0;184.6;ARACRUZ;Condutor Dormindo;Colisão lateral;Com Vítimas Feridas;Plena Noite;Decrescente;Nublado;Simples;Não Informado;Não;3;0;2;0;0;1;2;3;-19.65524;-40.23356
202149.0;2019-04-08;segunda-feira;20:30:00;101.0;263.9;SERRA;Desobediência às normas de trânsito pelo condutor;Colisão transversal;Com Vítimas Feridas;Plena Noite;Decrescente;Céu Claro;Múltipla;Reta;Sim;2;0;0;1;1;0;1;2;-20.16555;-40.27302
202076.0;2019-04-08;segunda-feira;14:10:00;259.0;54;COLATINA;Falta de Atenção à Condução;Colisão traseira;Com Vítimas Feridas;Pleno dia;Decrescente;Céu Claro;Simples;Reta;Não;2;0;0;1;1;0;1;2;-19.49752;-40.63894
202025.0;2019-04-08;segunda-feira;09:30:00;101.0;256.5;SERRA;Falta de Atenção do Pedestre;Atropelamento de Pedestre;Com Vítimas Feridas;Pleno dia;Crescente;Céu Claro;Dupla;Reta;Sim;2;0;1;0;1;0;1;1;-20.11912;-40.31101
201992.0;2019-04-08;segunda-feira;07:25:00;101.0;269.8;SERRA;Falta de Atenção à Condução;Colisão lateral;Com Vítimas Feridas;Pleno dia;Crescente;Sol;Múltipla;Reta;Sim;4;0;2;0;2;0;2;3;-20.2174;-40.26991
202056.0;2019-04-08;segunda-feira;11:15:00;262.0;3.2;CARIACICA;Falta de Atenção à Condução;Colisão traseira;Com Vítimas Feridas;Pleno dia;Crescente;Céu Claro;Dupla;Curva;Sim;2;0;1;0;1;0;1;2;-20.33374;-40.36911
203061.0;2019-04-09;terça-feira;16:00:00;262.0;66.4;MARECHAL FLORIANO;Velocidade Incompatível;Saída de leito carroçável;Com Vítimas Feridas;Pleno dia;Decrescente;Chuva;Simples;Curva;Não;1;0;1;0;0;0;1;1;-20.41232;-40.83192
202205.0;2019-04-09;terça-feira;07:48:00;101.0;268;SERRA;Falta de Atenção à Condução;Colisão traseira;Com Vítimas Feridas;Pleno dia;Crescente;Céu Claro;Múltipla;Reta;Sim;2;0;2;0;0;0;2;2;-20.20842;-40.2694
202249.0;2019-04-09;terça-feira;13:40:00;101.0;270.1;SERRA;Falta de Atenção à Condução;Colisão traseira;Sem Vítimas;Pleno dia;Decrescente;Sol;Dupla;Reta;Não;2;0;0;0;2;0;0;2;-20.22662;-40.27075
202241.0;2019-04-09;terça-feira;12:30:00;101.0;291.9;CARIACICA;Falta de Atenção à Condução;Colisão traseira;Com Vítimas Feridas;Pleno dia;Decrescente;Nublado;Dupla;Reta;Sim;3;0;1;0;2;0;1;3;-20.29756;-40.39446