id;data_inversa;dia_semana;horario;br;km;municipio;causa_acidente;tipo_acidente;classificacao_acidente;fase_dia;sentido_via;condicao_metereologica;tipo_pista;tracado_via;uso_solo;pessoas;mortos;feridos_leves;feridos_graves;ilesos;ignorados;feridos;veiculos;latitude;longitude
204798.0;2019-04-21;domingo;21:15:00;101.0;291;CARIACICA;Velocidade Incompatível;Colisão com objeto estático;Sem Vítimas;Plena Noite;Decrescente;Céu Claro;Dupla;Reta;Sim;1;0;0;0;0;1;0;1;-20.29756;-40.39446
205049.0;2019-04-22;segunda-feira;19:50:00;262.0;47.1;MARECHAL FLORIANO;Ingestão de álcool e/ou substâncias psicoativas pelo pedestre;Atropelamento de Pedestre;Com Vítimas Feridas;Plena Noite;Crescente;Céu Claro;Simples;Reta;Sim;2;0;1;0;0;1;1;1;-20.4113;-40.67927
204846.0;2019-04-22;segunda-feira;04:00:00;262.0;26.5;VIANA;Falta de Atenção à Condução;Saída de leito carroçável;Sem Vítimas;Plena Noite;Crescente;Céu Claro;Simples;Reta;Não;1;0;0;0;1;0;0;1;-20.38042;-40.54403
204859.0;2019-04-22;segunda-feira;06:30:00;101.0;287.8;CARIACICA;Velocidade Incompatível;Colisão traseira;Com Vítimas Feridas;Pleno dia;Decrescente;Céu Claro;Dupla;Não Informado;Não;6;0;4;0;2;0;4;2;-20.26494;-40.38472
204883.0;2019-04-22;segunda-feira;05:30:00;482.0;81.5;ALEGRE;Falta de Atenção à Condução;Tombamento;Sem Vítimas;Amanhecer;Decrescente;Céu Claro;Simples;Curva;Não;1;0;0;0;0;1;0;1;-20.76087;-41.51588
205012.0;2019-04-22;segunda-feira;18:10:00;262.0;161.2;IBATIBA;Falta de Atenção à Condução;Colisão traseira;Com Vítimas Feridas;Plena Noite;Decrescente;Céu Claro;Simples;Reta;Não;2;0;0;2;0;0;2;2;-20.2364;-41.52254
205003.0;2019-04-22;segunda-feira;17:40:00;101.0;44;CONCEICAO DA BARRA;Defeito Mecânico no Veículo;Queda de ocupante de veículo;Com Vítimas Feridas;Anoitecer;Decrescente;Céu Claro;Simples;Reta;Não;2;0;1;1;0;0;2;1;-18.53423;-39.90808
204902.0;2019-04-22;segunda-feira;09:55:00;101.0;295.7;CARIACICA;Não guardar distância de segurança;Colisão com objeto em movimento;Com Vítimas Feridas;Pleno dia;Decrescente;Sol;Dupla;Não Informado;Sim;2;0;0;1;1;0;1;2;-20.33224;-40.40005
205129.0;2019-04-23;terça-feira;11:29:00;101.0;144.2;LINHARES;Desobediência às normas de trânsito pelo condutor;Colisão transversal;Com Vítimas Feridas;Pleno dia;Decrescente;Sol;Múltipla;Não Informado;Sim;3;0;2;1;0;0;3;2;-19.35188;-40.06367
205137.0;2019-04-23;terça-feira;12:33:00;101.0;286.9;CARIACICA;Desobediência às normas de trânsito pelo condutor;Colisão transversal;Com Vítimas Feridas;Pleno dia;Crescente;Céu Claro;Dupla;Retorno Regulamentado;Sim;2;0;0;1;1;0;1;2;-20.25902;-40.37753
205177.0;2019-04-23;terça-feira;18:00:00;101.0;275.9;SERRA;Defeito Mecânico no Veículo;Incêndio;Sem Vítimas;Anoitecer;Decrescente;Céu Claro;Dupla;Curva;Não;1;0;0;0;1;0;0;1;-20.20828;-40.30389
205182.0;2019-04-23;terça-feira;18:20:00;101.0;140.2;LINHARES;Desobediência às normas de trânsito pelo pedestre;Atropelamento de Pedestre;Com Vítimas Feridas;Plena Noite;Crescente;Céu Claro;Múltipla;Reta;Sim;2;0;0;1;1;0;1;1;-19.31817;-40.07552
205084.0;2019-04-23;terça-feira;05:35:00;101.0;33;CONCEICAO DA BARRA;Desobediência às normas de trânsito pelo condutor;Colisão frontal;Com Vítimas Feridas;Amanhecer;Crescente;Nublado;Simples;Não Informado;Não;5;0;2;3;0;0;5;2;-18.43474;-39.93353
205407.0;2019-04-24;quarta-feira;23:50:00;101.0;310.8;VIANA;Condutor Dormindo;Colisão com objeto estático;Com Vítimas Feridas;Plena Noite;Decrescente;Nublado;Simples;Viaduto;Não;1;0;0;1;0;0;1;1;-20.4259;-40.46037
205356.0;2019-04-24;quarta-feira;18:00:00;101.0;66;SAO MATEUS;Falta de Atenção do Pedestre;Atropelamento de Pedestre;Com Vítimas Feridas;Plena Noite;Decrescente;Nublado;Múltipla;Interseção de vias;Sim;2;0;1;0;1;0;1;1;-18.71652;-39.87436
205329.0;2019-04-24;quarta-feira;15:40:00;101.0;391.5;ITAPEMIRIM;Sinalização da via insuficiente ou inadequada;Engavetamento;Com Vítimas Feridas;Pleno dia;Crescente;Céu Claro;Simples;Reta;Não;13;0;7;1;5;0;8;4;-20.86579;-40.89634
205327.0;2019-04-24;quarta-feira;14:40:00;101.0;260.8;SERRA;Desobediência às normas de trânsito pelo condutor;Colisão transversal;Com Vítimas Feridas;Pleno dia;Crescente;Céu Claro;Simples;Curva;Não;6;0;5;1;0;0;6;2;-20.14616;-40.28836
205315.0;2019-04-24;quarta-feira;10:10:00;101.0;365;ANCHIETA;Defeito Mecânico no Veículo;Tombamento;Com Vítimas Feridas;Pleno dia;Decrescente;Céu Claro;Simples;Curva;Não;2;0;2;0;0;0;2;1;-20.73398;-40.75071
205270.0;2019-04-24;quarta-feira;08:40:00;101.0;270.8;SERRA;Falta de Atenção do Pedestre;Atropelamento de Pedestre;Com Vítimas Feridas;Pleno dia;Crescente;Chuva;Múltipla;Curva;Sim;2;0;1;0;0;1;1;1;-20.22662;-40.27075
205229.0;2019-04-24;quarta-feira;01:00:00;101.0;126.6;SOORETAMA;Falta de Atenção à Condução;Tombamento;Com Vítimas Feridas;Plena Noite;Decrescente;Céu Claro;Múltipla;Reta;Não;1;0;1;0;0;0;1;1;-19.19395;-40.0951
205372.0;2019-04-24;quarta-feira;19:35:00;101.0;242.1;SERRA;Defeito Mecânico no Veículo;Incêndio;Sem Vítimas;Plena Noite;Decrescente;Nublado;Simples;Interseção de vias;Não;1;0;0;0;1;0;0;1;-20.03213;-40.39676
205265.0;2019-04-24;quarta-feira;07:30:00;101.0;191.4;ARACRUZ;Pista Escorregadia;Saída de leito carroçável;Com Vítimas Feridas;Pleno dia;Decrescente;Chuva;Simples;Reta;Não;2;0;0;1;1;0;1;1;-19.68909;-40.28696
214351.0;2019-04-25;quinta-feira;12:40:00;101.0;295;CARIACICA;Falta de Atenção à Condução;Colisão lateral;Com Vítimas Feridas;Pleno dia;Crescente;Ignorado;Dupla;Reta;Sim;2;0;1;0;0;1;1;2;-20.33691;-40.4025
205510.0;2019-04-25;quinta-feira;16:00:00;259.0;34.7;COLATINA;Desobediência às normas de trânsito pelo condutor;Tombamento;Com Vítimas Feridas;Pleno dia;Crescente;Céu Claro;Simples;Curva;Não;1;0;0;1;0;0;1;1;-19.56369;-40.49946
205427.0;2019-04-25;quinta-feira;06:40:00;101.0;213.2;IBIRACU;Não guardar distância de segurança;Colisão traseira;Com Vítimas Feridas;Pleno dia;Decrescente;Céu Claro;Simples;Reta;Sim;2;0;1;0;1;0;1;2;-19.82353;-40.36982
205437.0;2019-04-25;quinta-feira;08:00:00;101.0;149;LINHARES;Falta de Atenção à Condução;Colisão transversal;Com Vítimas Feridas;Pleno dia;Decrescente;Céu Claro;Simples;Reta;Sim;2;0;0;1;1;0;1;2;-19.39619;-40.06436
205438.0;2019-04-25;quinta-feira;06:40:00;101.0;258;SERRA;Restrição de Visibilidade;Colisão traseira;Com Vítimas Feridas;Pleno dia;Decrescente;Céu Claro;Dupla;Não Informado;Sim;2;0;1;0;1;0;1;2;-20.1306;-40.2961
205493.0;2019-04-25;quinta-feira;13:00:00;101.0;306.9;VIANA;Ingestão de Álcool;Colisão traseira;Com Vítimas Feridas;Pleno dia;Decrescente;Céu Claro;Simples;Reta;Não;4;0;2;0;2;0;2;2;-20.39958;-40.45621
205507.0;2019-04-25;quinta-feira;15:30:00;101.0;307.3;VIANA;Condutor Dormindo;Colisão frontal;Com Vítimas Feridas;Pleno dia;Crescente;Céu Claro;Simples;Curva;Não;3;0;1;0;2;0;1;3;-20.39979;-40.45605
205537.0;2019-04-25;quinta-feira;18:20:00;262.0;147.9;IBATIBA;Falta de Atenção do Pedestre;Atropelamento de Pedestre;Com Vítimas Feridas;Plena Noite;Decrescente;Céu Claro;Simples;Reta;Não;2;0;0;1;1;0;1;1;-20.22097;-41.41902
205545.0;2019-04-25;quinta-feira;19:10:00;101.0;83.5;SAO MATEUS;Ingestão de Álcool;Colisão traseira;Com Vítimas Feridas;Plena Noite;Crescente;Nublado;Simples;Reta;Não;3;0;1;0;1;1;1;2;-18.84352;-39.92324
205553.0;2019-04-25;quinta-feira;19:20:00;101.0;165.3;LINHARES;Falta de Atenção à Condução;Colisão traseira;Com Vítimas Feridas;Plena Noite;Crescente;Céu Claro;Simples;Reta;Não;2;0;1;0;0;1;1;2;-19.5136;-40.13995
205568.0;2019-04-25;quinta-feira;18:10:00;482.0;86.7;ALEGRE;Defeito Mecânico no Veículo;Incêndio;Sem Vítimas;Plena Noite;Crescente;Céu Claro;Simples;Não Informado;Não;1;0;0;0;1;0;0;1;-20.7587;-41.54813
205586.0;2019-04-25;quinta-feira;22:50:00;101.0;375.9;ICONHA;Ingestão de Álcool;Colisão com objeto estático;Sem Vítimas;Plena Noite;Crescente;Céu Claro;Dupla;Curva;Sim;2;0;0;0;2;0;0;1;-20.78966;-40.78704
205659.0;2019-04-26;sexta-feira;11:10:00;101.0;426.7;ATILIO VIVACQUA;Velocidade Incompatível;Tombamento;Com Vítimas Feridas;Pleno dia;Crescente;Céu Claro;Simples;Curva;Não;1;0;0;1;0;0;1;1;-21.00771;-41.13889
247098.0;2019-04-26;sexta-feira;18:45:00;101.0;263.5;SERRA;Não guardar distância de segurança;Colisão traseira;Com Vítimas Feridas;Anoitecer;Decrescente;Céu Claro;Dupla;Reta;Sim;4;0;1;0;3;0;1;4;-20.16696;-40.27204
205597.0;2019-04-26;sexta-feira;01:15:00;101.0;8;PEDRO CANARIO;Falta de Atenção à Condução;Tombamento;Com Vítimas Feridas;Plena Noite;Crescente;Céu Claro;Simples;Curva;Não;1;0;1;0;0;0;1;1;-18.23028;-39.95278
205626.0;2019-04-26;sexta-feira;07:50:00;101.0;266.5;SERRA;Falta de Atenção à Condução;Colisão traseira;Com Vítimas Feridas;Pleno dia;Crescente;Céu Claro;Dupla;Reta;Sim;3;0;2;0;1;0;2;2;-20.1902;-40.26829
205614.0;2019-04-26;sexta-feira;06:50:00;101.0;396;RIO NOVO DO SUL;Fenômenos da Natureza;Colisão transversal;Com Vítimas Feridas;Pleno dia;Decrescente;Céu Claro;Simples;Reta;Sim;2;0;1;0;1;0;1;2;-20.86826;-40.93994
205716.0;2019-04-26;sexta-feira;17:20:00;101.0;309.4;VILA VELHA;Desobediência às normas de trânsito pelo condutor;Colisão transversal;Com Vítimas Feridas;Anoitecer;Crescente;Céu Claro;Simples;Interseção de vias;Não;2;0;0;1;1;0;1;2;-20.417;-40.45985
205772.0;2019-04-26;sexta-feira;21:40:00;262.0;3.9;CARIACICA;Falta de Atenção à Condução;Colisão traseira;Com Vítimas Feridas;Pleno dia;Crescente;Céu Claro;Múltipla;Reta;Sim;2;0;1;0;1;0;1;2;-20.33374;-40.36911
205750.0;2019-04-26;sexta-feira;20:00:00;393.0;3.4;CACHOEIRO DE ITAPEMIRIM;Velocidade Incompatível;Colisão transversal;Com Vítimas Feridas;Plena Noite;Crescente;Céu Claro;Simples;Reta;Sim;2;0;1;0;1;0;1;2;-20.82654;-41.18519
205745.0;2019-04-26;sexta-feira;16:30:00;101.0;386.6;RIO NOVO DO SUL;Não guardar distância de segurança;Colisão traseira;Com Vítimas Feridas;Pleno dia;Crescente;Nublado;Simples;Reta;Não;2;0;1;0;1;0;1;2;-20.8463;-40.8766
205727.0;2019-04-26;sexta-feira;18:30:00;262.0;17;VIANA;Falta de Atenção à Condução;Colisão transversal;Com Vítimas Feridas;Plena Noite;Decrescente;Céu Claro;Simples;Reta;Sim;3;0;1;0;1;1;1;2;-20.38636;-40.47273
205661.0;2019-04-26;sexta-feira;10:50:00;101.0;447.9;MIMOSO DO SUL;Velocidade Incompatível;Tombamento;Com Vítimas Feridas;Pleno dia;Crescente;Céu Claro;Simples;Curva;Não;1;0;1;0;0;0;1;1;-21.12406;-41.27538
205725.0;2019-04-26;sexta-feira;18:20:00;101.0;252.5;SERRA;Não guardar distância de segurança;Colisão traseira;Com Vítimas Feridas;Plena Noite;Decrescente;Nublado;Simples;Reta;Não;3;0;1;0;2;0;1;3;-20.08799;-40.34352
205817.0;2019-04-27;sábado;07:00:00;101.0;358.7;ANCHIETA;Não guardar distância de segurança;Colisão traseira;Com Vítimas Feridas;Pleno dia;Crescente;Céu Claro;Simples;Reta;Não;2;0;1;0;1;0;1;2;-20.69172;-40.70425
205827.0;2019-04-27;sábado;07:45:00;482.0;55.1;CACHOEIRO DE ITAPEMIRIM;Ultrapassagem Indevida;Saída de leito carroçável;Com Vítimas Fatais;Amanhecer;Decrescente;Céu Claro;Simples;Reta;Não;2;1;0;1;0;0;1;1;-20.78195;-41.32379
205846.0;2019-04-27;sábado;08:30:00;259.0;36.4;COLATINA;Desobediência às normas de trânsito pelo condutor;Colisão transversal;Com Vítimas Feridas;Pleno dia;Decrescente;Céu Claro;Simples;Interseção de vias;Não;4;0;3;0;1;0;3;3;-19.55386;-40.50237
241239.0;2019-04-27;sábado;17:00:00;262.0;145;IBATIBA;Ingestão de Álcool;Colisão traseira;Com Vítimas Fatais;Pleno dia;Decrescente;Céu Claro;Simples;Reta;Sim;3;1;1;1;0;0;2;2;-20.23546;-41.4087
205932.0;2019-04-27;sábado;17:30:00;101.0;120;SOORETAMA;Defeito Mecânico no Veículo;Tombamento;Com Vítimas Feridas;Anoitecer;Crescente;Nublado;Simples;Não Informado;Não;2;0;2;0;0;0;2;1;-19.14385;-40.0751
205953.0;2019-04-27;sábado;19:30:00;101.0;260.8;SERRA;Desobediência às normas de trânsito pelo condutor;Colisão traseira;Com Vítimas Feridas;Anoitecer;Crescente;Céu Claro;Simples;Curva;Sim;3;0;2;0;0;1;2;2;-20.1478;-40.28035
205883.0;2019-04-27;sábado;11:45:00;101.0;263.9;SERRA;Desobediência às normas de trânsito pelo condutor;Colisão transversal;Com Vítimas Feridas;Pleno dia;Decrescente;Céu Claro;Múltipla;Reta;Sim;2;0;1;0;1;0;1;2;-20.16555;-40.27302
205977.0;2019-04-27;sábado;20:00:00;101.0;269.8;SERRA;Desobediência às normas de trânsito pelo condutor;Colisão transversal;Com Vítimas Fatais;Plena Noite;Crescente;Céu Claro;Múltipla;Interseção de vias;Sim;3;2;0;0;1;0;0;2;-20.2174;-40.26991
205786.0;2019-04-27;sábado;01:30:00;101.0;162;LINHARES;Falta de Atenção à Condução;Colisão frontal;Com Vítimas Feridas;Plena Noite;Crescente;Céu Claro;Simples;Reta;Não;2;0;0;1;1;0;1;2;-19.49015;-40.12624
205785.0;2019-04-27;sábado;01:18:00;101.0;204;JOAO NEIVA;Falta de Atenção à Condução;Saída de leito carroçável;Com Vítimas Feridas;Plena Noite;Crescente;Nublado;Simples;Interseção de vias;Sim;1;0;1;0;0;0;1;1;-19.74949;-40.37923
206206.0;2019-04-28;domingo;23:30:00;262.0;6;CARIACICA;Ingestão de Álcool;Colisão traseira;Com Vítimas Feridas;Plena Noite;Decrescente;Céu Claro;Dupla;Reta;Sim;3;0;1;1;1;0;2;2;-20.34007;-40.39451
206189.0;2019-04-28;domingo;20:50:00;101.0;91.7;JAGUARE;Falta de Atenção à Condução;Colisão lateral;Sem Vítimas;Plena Noite;Crescente;Céu Claro;Simples;Reta;Não;2;0;0;0;2;0;0;2;-18.90627;-39.95996
206178.0;2019-04-28;domingo;20:10:00;101.0;147.1;LINHARES;Falta de Atenção à Condução;Colisão transversal;Com Vítimas Feridas;Plena Noite;Decrescente;Céu Claro;Simples;Rotatória;Sim;2;0;0;1;1;0;1;2;-19.37887;-40.06658
206176.0;2019-04-28;domingo;20:20:00;101.0;158.5;LINHARES;Não guardar distância de segurança;Colisão traseira;Com Vítimas Feridas;Plena Noite;Decrescente;Nublado;Simples;Reta;Não;2;0;0;1;1;0;1;2;-19.46095;-40.10491
206065.0;2019-04-28;domingo;08:00:00;101.0;260;SERRA;Falta de Atenção à Condução;Tombamento;Com Vítimas Feridas;Pleno dia;Crescente;Chuva;Dupla;Desvio Temporário;Não;2;0;2;0;0;0;2;1;-20.14616;-40.28836
206035.0;2019-04-28;domingo;02:30:00;482.0;48;ALEGRE;Animais na Pista;Atropelamento de Animal;Com Vítimas Feridas;Plena Noite;Crescente;Céu Claro;Simples;Reta;Não;1;0;1;0;0;0;1;1;-20.76151;-41.51441
206015.0;2019-04-28;domingo;00:40:00;101.0;122.8;SOORETAMA;Animais na Pista;Atropelamento de Animal;Com Vítimas Feridas;Plena Noite;Crescente;Céu Claro;Simples;Reta;Não;4;0;2;0;1;1;2;2;-19.16835;-40.08717
206272.0;2019-04-29;segunda-feira;11:40:00;101.0;391.7;RIO NOVO DO SUL;Condutor Dormindo;Saída de leito carroçável;Com Vítimas Feridas;Pleno dia;Crescente;Céu Claro;Simples;Curva;Não;1;0;1;0;0;0;1;1;-20.86579;-40.89634
206321.0;2019-04-29;segunda-feira;17:50:00;262.0;43.8;MARECHAL FLORIANO;Desobediência às normas de trânsito pelo condutor;Colisão frontal;Com Vítimas Fatais;Anoitecer;Crescente;Céu Claro;Dupla;Reta;Não;4;2;0;0;1;1;0;2;-20.38448;-40.66252
216906.0;2019-04-30;terça-feira;14:30:00;101.0;299;VIANA;Defeito Mecânico no Veículo;Tombamento;Com Vítimas Feridas;Pleno dia;Decrescente;Ignorado;Dupla;Reta;Sim;1;0;0;1;0;0;1;1;-20.3831;-40.45992
206521.0;2019-04-30;terça-feira;20:40:00;101.0;299.4;VIANA;Falta de Atenção à Condução;Colisão traseira;Com Vítimas Feridas;Plena Noite;Decrescente;Céu Claro;Múltipla;Não Informado;Sim;2;0;1;0;1;0;1;2;-20.35861;-40.42328
206504.0;2019-04-30;terça-feira;19:00:00;259.0;63;COLATINA;Falta de Atenção à Condução;Atropelamento de Pedestre;Com Vítimas Feridas;Plena Noite;Crescente;Nublado;Simples;Reta;Sim;3;0;1;2;0;0;3;1;-19.52753;-40.6987
206474.0;2019-04-30;terça-feira;16:15:00;101.0;375.9;ICONHA;Falta de Atenção à Condução;Colisão transversal;Com Vítimas Feridas;Pleno dia;Crescente;Céu Claro;Simples;Reta;Sim;2;0;1;0;1;0;1;2;-20.78856;-40.79561
206416.0;2019-04-30;terça-feira;10:00:00;101.0;342.9;GUARAPARI;Ultrapassagem Indevida;Colisão lateral;Com Vítimas Feridas;Pleno dia;Crescente;Céu Claro;Simples;Reta;Não;4;0;1;0;3;0;1;3;-20.65737;-40.58235
206637.0;2019-05-01;quarta-feira;11:10:00;101.0;262.8;SERRA;Pista Escorregadia;Capotamento;Com Vítimas Feridas;Pleno dia;Crescente;Garoa/Chuvisco;Dupla;Reta;Sim;2;0;1;0;1;0;1;2;-20.15723;-40.27678
206600.0;2019-05-01;quarta-feira;04:30:00;101.0;264.1;SERRA;Ingestão de Álcool;Colisão traseira;Sem Vítimas;Amanhecer;Decrescente;Céu Claro;Múltipla;Reta;Sim;3;0;0;0;3;0;0;2;-20.17293;-40.26736
206695.0;2019-05-01;quarta-feira;19:40:00;101.0;147.2;LINHARES;Desobediência às normas de trânsito pelo condutor;Colisão transversal;Com Vítimas Feridas;Plena Noite;Crescente;Nublado;Múltipla;Interseção de vias;Sim;2;0;1;0;1;0;1;2;-19.37887;-40.06658
206688.0;2019-05-01;quarta-feira;18:30:00;101.0;267;SERRA;Não guardar distância de segurança;Colisão lateral;Com Vítimas Feridas;Plena Noite;Crescente;Céu Claro;Múltipla;Reta;Sim;5;0;1;0;4;0;1;4;-20.19931;-40.26885
206756.0;2019-05-02;quinta-feira;06:20:00;101.0;20;CONCEICAO DA BARRA;Desobediência às normas de trânsito pelo condutor;Colisão frontal;Com Vítimas Feridas;Amanhecer;Crescente;Céu Claro;Simples;Reta;Não;6;0;3;2;1;0;5;2;-18.32566;-39.9584
206936.0;2019-05-02;quinta-feira;18:30:00;482.0;103;GUACUI;Falta de Atenção à Condução;Queda de ocupante de veículo;Com Vítimas Feridas;Plena Noite;Crescente;Céu Claro;Simples;Reta;Não;2;0;1;0;1;0;1;2;-20.78558;-41.652
206896.0;2019-05-02;quinta-feira;19:00:00;101.0;293.5;CARIACICA;Falta de Atenção à Condução;Queda de ocupante de veículo;Com Vítimas Feridas;Anoitecer;Decrescente;Céu Claro;Dupla;Reta;Sim;1;0;1;0;0;0;1;1;-20.31526;-40.39567
206842.0;2019-05-02;quinta-feira;14:20:00;262.0;58.7;MARECHAL FLORIANO;Velocidade Incompatível;Tombamento;Com Vítimas Feridas;Pleno dia;Crescente;Chuva;Simples;Curva;Não;1;0;0;1;0;0;1;1;-20.42168;-40.77787
206779.0;2019-05-02;quinta-feira;08:40:00;101.0;269;SERRA;Falta de Atenção do Pedestre;Atropelamento de Pedestre;Com Vítimas Feridas;Pleno dia;Crescente;Sol;Múltipla;Reta;Sim;3;0;0;1;2;0;1;2;-20.2174;-40.26991
206757.0;2019-05-02;quinta-feira;06:40:00;262.0;3.8;CARIACICA;Não guardar distância de segurança;Colisão traseira;Com Vítimas Feridas;Pleno dia;Crescente;Nublado;Múltipla;Retorno Regulamentado;Sim;2;0;1;0;1;0;1;2;-20.33374;-40.36911
207119.0;2019-05-03;sexta-feira;22:50:00;262.0;2.3;CARIACICA;Falta de Atenção do Pedestre;Atropelamento de Pedestre;Com Vítimas Feridas;Plena Noite;Crescente;Céu Claro;Dupla;Reta;Sim;3;0;0;1;1;1;1;1;-20.33276;-40.36078
207116.0;2019-05-03;sexta-feira;22:15:00;101.0;126.1;SOORETAMA;Falta de Atenção do Pedestre;Atropelamento de Pedestre;Sem Vítimas;Plena Noite;Crescente;Nublado;Múltipla;Reta;Sim;2;0;0;0;0;2;0;1;-19.19395;-40.0951
207073.0;2019-05-03;sexta-feira;18:55:00;101.0;296;CARIACICA;Velocidade Incompatível;Colisão com objeto estático;Com Vítimas Feridas;Plena Noite;Crescente;Céu Claro;Dupla;Reta;Sim;1;0;1;0;0;0;1;1;-20.3403;-40.40406
207036.0;2019-05-03;sexta-feira;16:00:00;262.0;19.5;VIANA;Mal Súbito;Saída de leito carroçável;Com Vítimas Feridas;Pleno dia;Crescente;Nublado;Simples;Curva;Sim;1;0;1;0;0;0;1;1;-20.39191;-40.49002
207013.0;2019-05-03;sexta-feira;14:30:00;259.0;38;COLATINA;Falta de Atenção à Condução;Saída de leito carroçável;Com Vítimas Feridas;Pleno dia;Crescente;Céu Claro;Dupla;Curva;Não;2;0;1;1;0;0;2;2;-19.5588;-40.52027
207246.0;2019-05-04;sábado;14:50:00;262.0;55;MARECHAL FLORIANO;Condutor Dormindo;Colisão frontal;Com Vítimas Feridas;Pleno dia;Decrescente;Nublado;Simples;Curva;Não;4;0;1;3;0;0;4;2;-20.41121;-40.74794
207148.0;2019-05-04;sábado;02:40:00;101.0;255;SERRA;Defeito Mecânico no Veículo;Queda de ocupante de veículo;Com Vítimas Feridas;Plena Noite;Decrescente;Céu Claro;Simples;Reta;Sim;2;0;1;0;1;0;1;1;-20.11488;-40.31944
207147.0;2019-05-04;sábado;00:13:00;101.0;274.6;SERRA;Desobediência às normas de trânsito pelo pedestre;Saída de leito carroçável;Sem Vítimas;Plena Noite;Decrescente;Nublado;Dupla;Reta;Não;1;0;0;0;0;1;0;1;-20.21186;-40.29716
207197.0;2019-05-04;sábado;09:20:00;101.0;297.5;CARIACICA;Falta de Atenção à Condução;Colisão traseira;Com Vítimas Feridas;Pleno dia;Crescente;Céu Claro;Dupla;Reta;Sim;3;0;2;0;1;0;2;3;-20.3453;-40.41027
207150.0;2019-05-04;sábado;02:40:00;101.0;291.9;CARIACICA;Ingestão de Álcool;Colisão com objeto estático;Sem Vítimas;Pleno dia;Crescente;Céu Claro;Dupla;Reta;Não;1;0;0;0;1;0;0;1;-20.29756;-40.39446
207172.0;2019-05-04;sábado;06:20:00;101.0;269;SERRA;Falta de Atenção à Condução;Colisão lateral;Com Vítimas Feridas;Pleno dia;Decrescente;Céu Claro;Dupla;Reta;Sim;2;0;0;1;0;1;1;2;-20.2174;-40.26991
207170.0;2019-05-04;sábado;06:15:00;101.0;126;SOORETAMA;Falta de Atenção à Condução;Colisão lateral;Sem Vítimas;Pleno dia;Decrescente;Céu Claro;Simples;Reta;Não;3;0;0;0;2;1;0;2;-19.19395;-40.0951
207256.0;2019-05-04;sábado;15:30:00;447.0;13.7;VILA VELHA;Falta de Atenção à Condução;Colisão transversal;Com Vítimas Feridas;Pleno dia;Crescente;Nublado;Dupla;Rotatória;Sim;3;0;1;0;2;0;1;2;-20.34063;-40.32788
207323.0;2019-05-04;sábado;20:00:00;101.0;173;ARACRUZ;Ingestão de Álcool;Colisão transversal;Com Vítimas Feridas;Plena Noite;Crescente;Céu Claro;Simples;Reta;Não;2;0;1;0;1;0;1;2;-19.57222;-40.18397
207379.0;2019-05-05;domingo;03:30:00;101.0;309.8;VIANA;Falta de Atenção à Condução;Colisão traseira;Com Vítimas Feridas;Plena Noite;Crescente;Céu Claro;Simples;Reta;Sim;2;0;1;0;1;0;1;2;-20.417;-40.45985
207507.0;2019-05-05;domingo;18:40:00;101.0;36.5;CONCEICAO DA BARRA;Ingestão de Álcool;Colisão lateral;Sem Vítimas;Plena Noite;Crescente;Chuva;Simples;Reta;Não;2;0;0;0;2;0;0;2;-18.46388;-39.92935
207540.0;2019-05-05;domingo;21:50:00;101.0;120.9;SOORETAMA;Ingestão de Álcool;Tombamento;Com Vítimas Feridas;Plena Noite;Crescente;Nublado;Simples;Reta;Não;1;0;0;1;0;0;1;1;-19.14385;-40.0751
207487.0;2019-05-05;domingo;18:00:00;101.0;205.9;JOAO NEIVA;Não guardar distância de segurança;Colisão lateral;Com Vítimas Feridas;Plena Noite;Crescente;Nublado;Dupla;Desvio Temporário;Sim;4;0;1;1;1;1;2;2;-19.75823;-40.3795
207477.0;2019-05-05;domingo;16:40:00;101.0;275;SERRA;Ingestão de Álcool;Colisão transversal;Com Vítimas Feridas;Anoitecer;Crescente;Céu Claro;Dupla;Reta;Não;3;0;2;0;1;0;2;2;-20.20828;-40.30389
207471.0;2019-05-05;domingo;16:45:00;262.0;15.7;VIANA;Desobediência às normas de trânsito pelo condutor;Colisão transversal;Com Vítimas Feridas;Pleno dia;Crescente;Sol;Simples;Não Informado;Sim;3;0;0;2;1;0;2;2;-20.38569;-40.49681
207449.0;2019-05-05;domingo;14:40:00;101.0;292;CARIACICA;Ingestão de Álcool;Colisão lateral;Com Vítimas Feridas;Pleno dia;Decrescente;Céu Claro;Dupla;Interseção de vias;Sim;5;0;4;0;1;0;4;2;-20.30651;-40.39489