id;data_inversa;dia_semana;horario;br;km;municipio;causa_acidente;tipo_acidente;classificacao_acidente;fase_dia;sentido_via;condicao_metereologica;tipo_pista;tracado_via;uso_solo;pessoas;mortos;feridos_leves;feridos_graves;ilesos;ignorados;feridos;veiculos;latitude;longitude
207383.0;2019-05-05;domingo;05:50:00;101.0;100;JAGUARE;Falta de Atenção à Condução;Queda de ocupante de veículo;Sem Vítimas;Amanhecer;Crescente;Céu Claro;Simples;Reta;Sim;1;0;0;0;0;1;0;1;-18.98011;-39.99543
207504.0;2019-05-05;domingo;19:30:00;101.0;213;IBIRACU;Desobediência às normas de trânsito pelo condutor;Colisão lateral;Com Vítimas Feridas;Plena Noite;Crescente;Céu Claro;Simples;Reta;Sim;3;0;0;1;0;2;1;2;-19.82353;-40.36982
207501.0;2019-05-05;domingo;19:25:00;101.0;181;ARACRUZ;Falta de Atenção à Condução;Queda de ocupante de veículo;Com Vítimas Feridas;Plena Noite;Decrescente;Céu Claro;Simples;Reta;Não;1;0;1;0;0;0;1;1;-19.63125;-40.22615
207581.0;2019-05-06;segunda-feira;06:30:00;101.0;127;SOORETAMA;Desobediência às normas de trânsito pelo condutor;Colisão transversal;Com Vítimas Feridas;Pleno dia;Crescente;Céu Claro;Simples;Não Informado;Sim;3;0;1;0;2;0;1;2;-19.2029;-40.09552
207715.0;2019-05-06;segunda-feira;17:35:00;262.0;158.7;IBATIBA;Falta de Atenção à Condução;Colisão transversal;Sem Vítimas;Anoitecer;Crescente;Céu Claro;Simples;Curva;Sim;2;0;0;0;2;0;0;2;-20.23111;-41.49626
207673.0;2019-05-06;segunda-feira;17:00:00;262.0;16;VIANA;Desobediência às normas de trânsito pelo condutor;Colisão frontal;Com Vítimas Feridas;Anoitecer;Decrescente;Céu Claro;Simples;Reta;Não;2;0;1;1;0;0;2;2;-20.38441;-40.46308
207592.0;2019-05-06;segunda-feira;07:50:00;101.0;0.9;SERRA;Desobediência às normas de trânsito pelo condutor;Colisão lateral;Com Vítimas Feridas;Pleno dia;Crescente;Sol;Dupla;Reta;Sim;2;0;1;0;1;0;1;2;-20.24157;-40.28059
207645.0;2019-05-06;segunda-feira;13:20:00;101.0;263.3;SERRA;Não guardar distância de segurança;Colisão traseira;Com Vítimas Feridas;Pleno dia;Decrescente;Sol;Dupla;Desvio Temporário;Sim;2;0;1;0;1;0;1;2;-20.16555;-40.27302
207568.0;2019-05-06;segunda-feira;04:25:00;259.0;17.5;JOAO NEIVA;Falta de Atenção do Pedestre;Atropelamento de Pedestre;Com Vítimas Fatais;Plena Noite;Decrescente;Nublado;Simples;Reta;Não;3;1;0;0;2;0;0;1;-19.66253;-40.43983
207644.0;2019-05-06;segunda-feira;13:05:00;101.0;147.1;LINHARES;Falta de Atenção do Pedestre;Atropelamento de Pedestre;Com Vítimas Feridas;Pleno dia;Crescente;Céu Claro;Simples;Reta;Sim;3;0;1;0;2;0;1;2;-19.37887;-40.06658
207620.0;2019-05-06;segunda-feira;09:50:00;101.0;408.2;ITAPEMIRIM;Falta de Atenção à Condução;Colisão traseira;Com Vítimas Feridas;Pleno dia;Crescente;Sol;Simples;Reta;Não;2;0;1;0;1;0;1;2;-20.89069;-41.0388
207578.0;2019-05-06;segunda-feira;06:30:00;101.0;365.3;ANCHIETA;Carga excessiva e/ou mal acondicionada;Tombamento;Sem Vítimas;Amanhecer;Decrescente;Céu Claro;Simples;Não Informado;Não;1;0;0;0;1;0;0;1;-20.7346;-40.7531
207605.0;2019-05-06;segunda-feira;08:10:00;101.0;1.7;VITORIA;Falta de Atenção à Condução;Colisão lateral;Com Vítimas Feridas;Pleno dia;Crescente;Céu Claro;Dupla;Reta;Sim;3;0;2;0;1;0;2;2;-20.3154;-40.3018
220811.0;2019-05-07;terça-feira;08:50:00;262.0;111.7;VENDA NOVA DO IMIGRANTE;Falta de Atenção à Condução;Colisão transversal;Com Vítimas Feridas;Amanhecer;Crescente;Céu Claro;Simples;Interseção de vias;Não;2;0;0;1;1;0;1;2;-20.33749;-41.20063
207901.0;2019-05-07;terça-feira;22:30:00;101.0;269;SERRA;Falta de Atenção à Condução;Colisão traseira;Com Vítimas Feridas;Plena Noite;Crescente;Garoa/Chuvisco;Dupla;Não Informado;Sim;3;0;1;0;2;0;1;2;-20.2174;-40.26991
207864.0;2019-05-07;terça-feira;19:10:00;101.0;51.9;SAO MATEUS;Defeito Mecânico no Veículo;Tombamento;Com Vítimas Feridas;Plena Noite;Crescente;Ignorado;Simples;Não Informado;Não;1;0;1;0;0;0;1;1;-18.59458;-39.88971
207862.0;2019-05-07;terça-feira;18:40:00;262.0;7;CARIACICA;Velocidade Incompatível;Tombamento;Com Vítimas Feridas;Plena Noite;Crescente;Céu Claro;Múltipla;Reta;Sim;1;0;1;0;0;0;1;1;-20.34284;-40.40435
207850.0;2019-05-07;terça-feira;17:25:00;101.0;0.1;SERRA;Falta de Atenção à Condução;Colisão transversal;Com Vítimas Feridas;Pleno dia;Decrescente;Nublado;Múltipla;Reta;Não;2;0;1;0;1;0;1;2;-20.11004;-40.3274
207849.0;2019-05-07;terça-feira;11:15:00;482.0;61;JERONIMO MONTEIRO;Falta de Atenção à Condução;Colisão transversal;Com Vítimas Feridas;Pleno dia;Crescente;Céu Claro;Simples;Interseção de vias;Sim;2;0;0;1;1;0;1;2;-20.79908;-41.37192
207812.0;2019-05-07;terça-feira;13:20:00;101.0;270.7;SERRA;Desobediência às normas de trânsito pelo condutor;Colisão transversal;Com Vítimas Feridas;Pleno dia;Decrescente;Sol;Múltipla;Interseção de vias;Sim;4;0;0;1;3;0;1;2;-20.23031;-40.27292
207796.0;2019-05-07;terça-feira;11:50:00;101.0;68;SAO MATEUS;Desobediência às normas de trânsito pelo condutor;Colisão transversal;Com Vítimas Feridas;Pleno dia;Decrescente;Céu Claro;Dupla;Interseção de vias;Sim;2;0;0;1;1;0;1;2;-18.7266;-39.85975
207764.0;2019-05-07;terça-feira;09:00:00;101.0;68;SAO MATEUS;Falta de Atenção à Condução;Engavetamento;Com Vítimas Feridas;Pleno dia;Decrescente;Céu Claro;Dupla;Reta;Sim;4;0;1;0;3;0;1;3;-18.7266;-39.85975
207747.0;2019-05-07;terça-feira;06:30:00;101.0;267.5;SERRA;Não guardar distância de segurança;Tombamento;Com Vítimas Feridas;Pleno dia;Crescente;Céu Claro;Dupla;Reta;Sim;1;0;1;0;0;0;1;1;-20.20761;-40.26884
207903.0;2019-05-07;terça-feira;23:20:00;101.0;264.7;SERRA;Falta de Atenção à Condução;Colisão traseira;Com Vítimas Feridas;Plena Noite;Crescente;Chuva;Dupla;Reta;Sim;2;0;0;1;1;0;1;2;-20.17671;-40.26592
207761.0;2019-05-07;terça-feira;08:30:00;101.0;268;SERRA;Desobediência às normas de trânsito pelo condutor;Atropelamento de Pedestre;Com Vítimas Feridas;Pleno dia;Crescente;Céu Claro;Dupla;Reta;Sim;3;0;2;0;1;0;2;2;-20.20842;-40.2694
208033.0;2019-05-08;quarta-feira;18:15:00;262.0;18.9;VIANA;Falta de Atenção à Condução;Colisão transversal;Com Vítimas Feridas;Plena Noite;Decrescente;Nublado;Simples;Reta;Sim;3;0;2;0;1;0;2;2;-20.39137;-40.4808
208028.0;2019-05-08;quarta-feira;17:50:00;259.0;65;COLATINA;Falta de Atenção à Condução;Colisão traseira;Com Vítimas Feridas;Anoitecer;Crescente;Nublado;Simples;Reta;Sim;3;0;2;0;1;0;2;2;-19.51944;-40.71586
207913.0;2019-05-08;quarta-feira;00:40:00;101.0;271;SERRA;Falta de Atenção do Pedestre;Atropelamento de Pedestre;Com Vítimas Feridas;Plena Noite;Crescente;Garoa/Chuvisco;Dupla;Curva;Sim;3;0;0;1;1;1;1;1;-20.23171;-40.27408
207918.0;2019-05-08;quarta-feira;00:50:00;101.0;270.2;SERRA;Ingestão de Álcool;Colisão com objeto estático;Sem Vítimas;Pleno dia;Crescente;Garoa/Chuvisco;Dupla;Interseção de vias;Sim;1;0;0;0;1;0;0;1;-20.22792;-40.27169
207929.0;2019-05-08;quarta-feira;01:30:00;101.0;400;ITAPEMIRIM;Condutor Dormindo;Saída de leito carroçável;Com Vítimas Feridas;Plena Noite;Crescente;Chuva;Simples;Curva;Não;1;0;1;0;0;0;1;1;-20.88154;-40.97435
207956.0;2019-05-08;quarta-feira;09:40:00;101.0;293;CARIACICA;Falta de Atenção à Condução;Colisão lateral;Com Vítimas Feridas;Pleno dia;Decrescente;Céu Claro;Múltipla;Interseção de vias;Sim;3;0;1;0;2;0;1;3;-20.31526;-40.39567
207982.0;2019-05-08;quarta-feira;12:50:00;101.0;287.4;CARIACICA;Falta de Atenção à Condução;Colisão traseira;Com Vítimas Feridas;Pleno dia;Crescente;Nublado;Dupla;Reta;Sim;2;0;1;0;1;0;1;2;-20.26494;-40.38472
207990.0;2019-05-08;quarta-feira;13:40:00;101.0;142;LINHARES;Falta de Atenção à Condução;Colisão traseira;Com Vítimas Feridas;Pleno dia;Decrescente;Nublado;Dupla;Interseção de vias;Sim;2;0;1;0;1;0;1;2;-19.33459;-40.06755
208288.0;2019-05-09;quinta-feira;22:50:00;262.0;23;VIANA;Mal Súbito;Incêndio;Sem Vítimas;Plena Noite;Decrescente;Céu Claro;Simples;Reta;Não;1;0;0;0;1;0;0;1;-20.37858;-40.52118
208200.0;2019-05-09;quinta-feira;16:00:00;101.0;267.7;SERRA;Falta de Atenção à Condução;Colisão lateral;Com Vítimas Feridas;Plena Noite;Decrescente;Céu Claro;Múltipla;Reta;Sim;2;0;1;0;1;0;1;2;-20.19931;-40.26885
208121.0;2019-05-09;quinta-feira;07:04:00;262.0;1.8;CARIACICA;Falta de Atenção à Condução;Colisão lateral;Com Vítimas Feridas;Pleno dia;Crescente;Nublado;Múltipla;Interseção de vias;Sim;2;0;1;0;1;0;1;2;-20.32955;-40.35493
208119.0;2019-05-09;quinta-feira;07:15:00;101.0;67;SAO MATEUS;Falta de Atenção à Condução;Colisão traseira;Com Vítimas Feridas;Amanhecer;Crescente;Céu Claro;Simples;Interseção de vias;Sim;2;0;1;0;1;0;1;2;-18.72054;-39.86589
208207.0;2019-05-09;quinta-feira;16:10:00;101.0;391;RIO NOVO DO SUL;Falta de Atenção à Condução;Colisão frontal;Com Vítimas Feridas;Pleno dia;Decrescente;Céu Claro;Simples;Reta;Não;5;0;0;2;3;0;2;3;-20.86579;-40.89634
208101.0;2019-05-09;quinta-feira;01:10:00;101.0;262;SERRA;Ingestão de Álcool;Atropelamento de Animal;Com Vítimas Feridas;Plena Noite;Crescente;Céu Claro;Dupla;Reta;Sim;1;0;1;0;0;0;1;1;-20.15723;-40.27678
208230.0;2019-05-09;quinta-feira;17:40:00;101.0;126;SOORETAMA;Falta de Atenção do Pedestre;Queda de ocupante de veículo;Com Vítimas Feridas;Anoitecer;Crescente;Nublado;Simples;Reta;Sim;2;0;1;1;0;0;2;1;-19.19395;-40.0951
208111.0;2019-05-09;quinta-feira;05:30:00;101.0;269.5;SERRA;Falta de Atenção à Condução;Colisão transversal;Com Vítimas Feridas;Amanhecer;Crescente;Céu Claro;Dupla;Interseção de vias;Sim;2;0;1;0;0;1;1;2;-20.22149;-40.27037
242114.0;2019-05-10;sexta-feira;21:00:00;259.0;78;COLATINA;Falta de Atenção à Condução;Saída de leito carroçável;Com Vítimas Feridas;Plena Noite;Crescente;Céu Claro;Simples;Curva;Não;1;0;1;0;0;0;1;1;-19.51619;-40.84355
208346.0;2019-05-10;sexta-feira;08:00:00;101.0;270.4;SERRA;Falta de Atenção à Condução;Colisão lateral;Com Vítimas Feridas;Pleno dia;Crescente;Céu Claro;Múltipla;Reta;Sim;4;0;2;1;1;0;3;3;-20.22662;-40.27075
218411.0;2019-05-10;sexta-feira;20:30:00;101.0;266.5;SERRA;Ingestão de Álcool;Engavetamento;Com Vítimas Feridas;Plena Noite;Decrescente;Nublado;Dupla;Reta;Sim;4;0;0;1;2;1;1;4;-20.1902;-40.26829
208404.0;2019-05-10;sexta-feira;09:10:00;101.0;67.4;SAO MATEUS;Falta de Atenção à Condução;Queda de ocupante de veículo;Com Vítimas Feridas;Pleno dia;Decrescente;Céu Claro;Simples;Reta;Sim;1;0;1;0;0;0;1;1;-18.7209;-39.86464
208343.0;2019-05-10;sexta-feira;07:55:00;101.0;324.3;GUARAPARI;Falta de Atenção à Condução;Colisão transversal;Com Vítimas Feridas;Pleno dia;Decrescente;Céu Claro;Simples;Desvio Temporário;Não;3;0;1;1;1;0;2;2;-20.54592;-40.48156
208806.0;2019-05-11;sábado;22:40:00;101.0;143.7;LINHARES;Ingestão de Álcool;Saída de leito carroçável;Sem Vítimas;Plena Noite;Crescente;Céu Claro;Múltipla;Curva;Sim;1;0;0;0;1;0;0;1;-19.34946;-40.06363
208800.0;2019-05-11;sábado;23:25:00;259.0;59;COLATINA;Desobediência às normas de trânsito pelo condutor;Colisão transversal;Com Vítimas Feridas;Plena Noite;Crescente;Céu Claro;Simples;Reta;Não;2;0;1;0;1;0;1;2;-19.52125;-40.66594
208794.0;2019-05-11;sábado;22:40:00;482.0;67;JERONIMO MONTEIRO;Ingestão de Álcool;Saída de leito carroçável;Com Vítimas Feridas;Plena Noite;Crescente;Céu Claro;Simples;Curva;Não;5;0;0;1;3;1;1;1;-20.78096;-41.41509
208791.0;2019-05-11;sábado;23:50:00;101.0;293.8;CARIACICA;Desobediência às normas de trânsito pelo condutor;Colisão transversal;Com Vítimas Feridas;Plena Noite;Crescente;Céu Claro;Múltipla;Interseção de vias;Sim;3;0;0;2;1;0;2;2;-20.32101;-40.39597
208790.0;2019-05-11;sábado;23:28:00;101.0;266.2;SERRA;Desobediência às normas de trânsito pelo condutor;Colisão transversal;Com Vítimas Feridas;Plena Noite;Crescente;Nublado;Múltipla;Interseção de vias;Sim;3;0;1;1;1;0;2;2;-20.18989;-40.26845
208764.0;2019-05-11;sábado;20:45:00;101.0;148;LINHARES;Falta de Atenção à Condução;Queda de ocupante de veículo;Com Vítimas Fatais;Plena Noite;Crescente;Céu Claro;Dupla;Reta;Sim;1;1;0;0;0;0;0;1;-19.3887;-40.06775
208704.0;2019-05-11;sábado;17:15:00;101.0;67.1;SAO MATEUS;Falta de Atenção à Condução;Colisão lateral;Com Vítimas Feridas;Anoitecer;Crescente;Céu Claro;Múltipla;Reta;Sim;2;0;2;0;0;0;2;1;-18.72054;-39.86589
208675.0;2019-05-11;sábado;14:30:00;101.0;148;LINHARES;Falta de Atenção à Condução;Colisão lateral;Com Vítimas Feridas;Pleno dia;Crescente;Céu Claro;Múltipla;Reta;Sim;2;0;1;0;1;0;1;2;-19.38787;-40.06753
208611.0;2019-05-11;sábado;08:50:00;101.0;172;ARACRUZ;Ingestão de Álcool;Colisão transversal;Sem Vítimas;Pleno dia;Crescente;Céu Claro;Múltipla;Reta;Não;2;0;0;0;2;0;0;2;-19.56471;-40.1787
208591.0;2019-05-11;sábado;08:20:00;101.0;287.8;CARIACICA;Falta de Atenção à Condução;Colisão lateral;Com Vítimas Feridas;Pleno dia;Crescente;Céu Claro;Dupla;Curva;Sim;4;0;2;0;2;0;2;2;-20.26494;-40.38472
208556.0;2019-05-11;sábado;05:30:00;101.0;367;ANCHIETA;Condutor Dormindo;Saída de leito carroçável;Com Vítimas Feridas;Amanhecer;Crescente;Nublado;Simples;Reta;Não;1;0;1;0;0;0;1;1;-20.74481;-40.76021
208545.0;2019-05-11;sábado;04:40:00;101.0;100.2;JAGUARE;Ingestão de Álcool;Colisão com objeto estático;Sem Vítimas;Pleno dia;Crescente;Céu Claro;Simples;Interseção de vias;Sim;1;0;0;0;1;0;0;1;-18.98011;-39.99543
211411.0;2019-05-12;domingo;19:25:00;259.0;76;COLATINA;Falta de Atenção à Condução;Saída de leito carroçável;Com Vítimas Feridas;Plena Noite;Crescente;Nublado;Simples;Reta;Sim;1;0;1;0;0;0;1;1;-19.52864;-40.79785
209077.0;2019-05-12;domingo;19:00:00;262.0;116.5;CONCEICAO DO CASTELO;Falta de Atenção à Condução;Tombamento;Com Vítimas Feridas;Plena Noite;Decrescente;Céu Claro;Simples;Curva;Não;1;0;0;1;0;0;1;1;-20.31763;-41.22741
208920.0;2019-05-12;domingo;12:00:00;393.0;25.9;MUQUI;Desobediência às normas de trânsito pelo condutor;Colisão lateral;Com Vítimas Feridas;Pleno dia;Decrescente;Céu Claro;Simples;Reta;Sim;2;0;1;0;1;0;1;2;-20.95371;-41.34813
209094.0;2019-05-12;domingo;20:00:00;101.0;264.5;SERRA;Falta de Atenção do Pedestre;Atropelamento de Pedestre;Com Vítimas Feridas;Plena Noite;Crescente;Céu Claro;Dupla;Reta;Sim;2;0;0;1;1;0;1;1;-20.17293;-40.26736
209064.0;2019-05-12;domingo;18:30:00;101.0;65;SAO MATEUS;Desobediência às normas de trânsito pelo condutor;Colisão traseira;Com Vítimas Feridas;Plena Noite;Crescente;Céu Claro;Dupla;Reta;Sim;2;0;1;0;1;0;1;2;-18.70936;-39.87762
208966.0;2019-05-12;domingo;14:10:00;101.0;255.3;SERRA;Falta de Atenção à Condução;Colisão traseira;Com Vítimas Feridas;Pleno dia;Crescente;Sol;Simples;Reta;Sim;3;0;1;0;2;0;1;2;-20.11488;-40.31944
208929.0;2019-05-12;domingo;13:20:00;101.0;2;SERRA;Defeito Mecânico no Veículo;Queda de ocupante de veículo;Com Vítimas Feridas;Pleno dia;Decrescente;Sol;Dupla;Reta;Sim;2;0;2;0;0;0;2;1;-20.25173;-40.28704
209066.0;2019-05-12;domingo;18:15:00;262.0;19;VIANA;Desobediência às normas de trânsito pelo condutor;Colisão transversal;Com Vítimas Feridas;Anoitecer;Decrescente;Céu Claro;Simples;Reta;Sim;3;0;0;1;1;1;1;2;-20.39191;-40.49002
208906.0;2019-05-12;domingo;11:20:00;101.0;298.5;VIANA;Desobediência às normas de trânsito pelo condutor;Colisão lateral;Com Vítimas Feridas;Pleno dia;Decrescente;Céu Claro;Dupla;Reta;Sim;2;0;0;1;1;0;1;2;-20.35374;-40.41564
208901.0;2019-05-12;domingo;10:20:00;262.0;150;IBATIBA;Falta de Atenção à Condução;Colisão frontal;Com Vítimas Feridas;Pleno dia;Crescente;Céu Claro;Simples;Curva;Não;2;0;0;1;1;0;1;2;-20.21857;-41.44094
208896.0;2019-05-12;domingo;09:15:00;101.0;262;SERRA;Falta de Atenção à Condução;Queda de ocupante de veículo;Com Vítimas Feridas;Pleno dia;Crescente;Sol;Múltipla;Reta;Sim;1;0;1;0;0;0;1;1;-20.15723;-40.27678
208877.0;2019-05-12;domingo;07:30:00;262.0;0.8;CARIACICA;Não guardar distância de segurança;Colisão traseira;Com Vítimas Feridas;Pleno dia;Crescente;Céu Claro;Dupla;Ponte;Sim;2;0;1;0;1;0;1;2;-20.32079;-40.35332
208927.0;2019-05-12;domingo;09:00:00;262.0;69.5;MARECHAL FLORIANO;Falta de Atenção à Condução;Tombamento;Com Vítimas Feridas;Pleno dia;Decrescente;Sol;Simples;Curva;Não;1;0;0;1;0;0;1;1;-20.41227;-40.85972
209192.0;2019-05-13;segunda-feira;00:40:00;259.0;102.5;BAIXO GUANDU;Desobediência às normas de trânsito pelo condutor;Colisão com objeto estático;Com Vítimas Feridas;Plena Noite;Crescente;Céu Claro;Simples;Reta;Não;2;0;1;1;0;0;2;1;-19.52202;-41.01212
209232.0;2019-05-13;segunda-feira;07:40:00;101.0;146;LINHARES;Falta de Atenção à Condução;Colisão traseira;Com Vítimas Feridas;Pleno dia;Decrescente;Nublado;Dupla;Reta;Não;2;0;1;0;1;0;1;2;-19.36991;-40.06561
209355.0;2019-05-13;segunda-feira;18:37:00;101.0;433.3;ATILIO VIVACQUA;Restrição de Visibilidade;Atropelamento de Pedestre;Com Vítimas Fatais;Plena Noite;Decrescente;Nublado;Simples;Reta;Não;2;1;0;0;0;1;0;1;-21.04218;-41.1839
227570.0;2019-05-13;segunda-feira;06:40:00;262.0;1.8;CARIACICA;Desobediência às normas de trânsito pelo condutor;Atropelamento de Pedestre;Com Vítimas Feridas;Pleno dia;Decrescente;Céu Claro;Dupla;Curva;Sim;2;0;0;1;1;0;1;1;-20.33304;-40.36057
209389.0;2019-05-13;segunda-feira;21:45:00;101.0;66.7;SAO MATEUS;Falta de Atenção à Condução;Colisão lateral;Com Vítimas Feridas;Plena Noite;Decrescente;Céu Claro;Simples;Reta;Sim;3;0;0;1;1;1;1;2;-18.71652;-39.87436
209483.0;2019-05-14;terça-feira;13:00:00;101.0;267;SERRA;Falta de Atenção do Pedestre;Atropelamento de Pedestre;Com Vítimas Feridas;Pleno dia;Crescente;Céu Claro;Múltipla;Reta;Sim;2;0;0;1;1;0;1;1;-20.19931;-40.26885
209431.0;2019-05-14;terça-feira;07:46:00;101.0;269;SERRA;Desobediência às normas de trânsito pelo condutor;Colisão lateral;Com Vítimas Feridas;Pleno dia;Crescente;Céu Claro;Dupla;Reta;Sim;2;0;1;0;1;0;1;2;-20.2174;-40.26991
209505.0;2019-05-14;terça-feira;14:20:00;101.0;297.5;CARIACICA;Falta de Atenção à Condução;Colisão lateral;Com Vítimas Feridas;Pleno dia;Decrescente;Céu Claro;Dupla;Reta;Sim;2;0;1;0;1;0;1;2;-20.3453;-40.41027
209487.0;2019-05-14;terça-feira;13:15:00;101.0;301.5;VIANA;Desobediência às normas de trânsito pelo condutor;Colisão transversal;Com Vítimas Feridas;Pleno dia;Decrescente;Céu Claro;Dupla;Reta;Sim;3;0;1;0;2;0;1;2;-20.36546;-40.44354
209515.0;2019-05-14;terça-feira;16:20:00;101.0;289;CARIACICA;Falta de Atenção à Condução;Colisão lateral;Com Vítimas Feridas;Pleno dia;Crescente;Céu Claro;Dupla;Reta;Sim;2;0;1;0;1;0;1;2;-20.28029;-40.39303
209529.0;2019-05-14;terça-feira;17:10:00;101.0;291.1;CARIACICA;Desobediência às normas de trânsito pelo condutor;Colisão lateral;Com Vítimas Feridas;Anoitecer;Crescente;Céu Claro;Dupla;Reta;Sim;2;0;1;0;1;0;1;2;-20.29756;-40.39446
209556.0;2019-05-14;terça-feira;19:00:00;101.0;298;VIANA;Desobediência às normas de trânsito pelo condutor;Colisão lateral;Com Vítimas Feridas;Plena Noite;Decrescente;Céu Claro;Dupla;Reta;Sim;2;0;0;1;1;0;1;2;-20.35374;-40.41564
209560.0;2019-05-14;terça-feira;19:45:00;101.0;146;LINHARES;Falta de Atenção à Condução;Colisão transversal;Sem Vítimas;Plena Noite;Decrescente;Céu Claro;Dupla;Interseção de vias;Sim;2;0;0;0;2;0;0;2;-19.36991;-40.06561
209576.0;2019-05-14;terça-feira;17:30:00;101.0;66.4;SAO MATEUS;Animais na Pista;Atropelamento de Animal;Com Vítimas Feridas;Anoitecer;Crescente;Nublado;Simples;Reta;Não;2;0;1;1;0;0;2;1;-18.71652;-39.87436
209713.0;2019-05-15;quarta-feira;18:30:00;101.0;246;SERRA;Falta de Atenção à Condução;Capotamento;Com Vítimas Feridas;Plena Noite;Crescente;Nublado;Dupla;Reta;Não;2;0;1;0;1;0;1;2;-20.06198;-40.37679
209616.0;2019-05-15;quarta-feira;08:10:00;101.0;316;VILA VELHA;Falta de Atenção à Condução;Colisão transversal;Com Vítimas Feridas;Pleno dia;Crescente;Sol;Simples;Reta;Não;3;0;1;0;2;0;1;2;-20.47804;-40.47131
222707.0;2019-05-15;quarta-feira;23:25:00;262.0;1.8;CARIACICA;Não guardar distância de segurança;Colisão traseira;Com Vítimas Feridas;Plena Noite;Decrescente;Ignorado;Dupla;Reta;Sim;2;0;0;1;1;0;1;2;-20.33314;-40.3595
209656.0;2019-05-15;quarta-feira;13:00:00;101.0;307.6;VIANA;Objeto estático sobre o leito carroçável;Tombamento;Com Vítimas Feridas;Pleno dia;Crescente;Nublado;Simples;Reta;Não;1;0;1;0;0;0;1;1;-20.39979;-40.45605
209773.0;2019-05-15;quarta-feira;20:57:00;101.0;255.4;SERRA;Falta de Atenção à Condução;Atropelamento de Pedestre;Com Vítimas Feridas;Plena Noite;Decrescente;Nublado;Simples;Reta;Sim;2;0;0;1;1;0;1;1;-20.11732;-40.31463
209895.0;2019-05-16;quinta-feira;17:20:00;101.0;270.8;SERRA;Falta de Atenção à Condução;Colisão transversal;Com Vítimas Feridas;Anoitecer;Crescente;Céu Claro;Dupla;Curva;Sim;2;0;1;0;1;0;1;2;-20.22662;-40.27075
209834.0;2019-05-16;quinta-feira;12:25:00;262.0;6.9;CARIACICA;Falta de Atenção à Condução;Colisão lateral;Com Vítimas Feridas;Pleno dia;Crescente;Chuva;Dupla;Não Informado;Sim;2;0;0;1;1;0;1;2;-20.34007;-40.39451
209847.0;2019-05-16;quinta-feira;13:00:00;262.0;47.3;MARECHAL FLORIANO;Velocidade Incompatível;Colisão com objeto estático;Com Vítimas Feridas;Pleno dia;Crescente;Chuva;Simples;Curva;Sim;2;0;2;0;0;0;2;1;-20.41212;-40.68414
209851.0;2019-05-16;quinta-feira;14:20:00;101.0;414.4;ITAPEMIRIM;Falta de Atenção à Condução;Colisão lateral;Com Vítimas Feridas;Pleno dia;Decrescente;Chuva;Simples;Curva;Não;3;0;1;1;1;0;2;2;-20.92346;-41.07836
209853.0;2019-05-16;quinta-feira;15:00:00;101.0;142;LINHARES;Falta de Atenção à Condução;Colisão traseira;Com Vítimas Feridas;Pleno dia;Crescente;Garoa/Chuvisco;Dupla;Interseção de vias;Sim;2;0;1;0;1;0;1;2;-19.33459;-40.06755
209883.0;2019-05-16;quinta-feira;16:40:00;101.0;296.4;CARIACICA;Defeito Mecânico no Veículo;Tombamento;Com Vítimas Feridas;Plena Noite;Crescente;Chuva;Dupla;Viaduto;Sim;1;0;1;0;0;0;1;1;-20.3403;-40.40406
209782.0;2019-05-16;quinta-feira;06:30:00;101.0;73;SAO MATEUS;Animais na Pista;Tombamento;Com Vítimas Feridas;Pleno dia;Crescente;Sol;Simples;Reta;Não;2;0;2;0;0;0;2;1;-18.77025;-39.86803
226164.0;2019-05-17;sexta-feira;11:10:00;101.0;146.9;LINHARES;Falta de Atenção à Condução;Colisão lateral;Com Vítimas Feridas;Pleno dia;Decrescente;Nublado;Múltipla;Reta;Sim;2;0;1;0;1;0;1;2;-19.36991;-40.06561
210089.0;2019-05-17;sexta-feira;16:15:00;101.0;132;LINHARES;Desobediência às normas de trânsito pelo condutor;Colisão transversal;Com Vítimas Fatais;Pleno dia;Crescente;Nublado;Simples;Reta;Não;5;1;1;0;3;0;1;2;-19.24799;-40.09079
210186.0;2019-05-17;sexta-feira;23:30:00;101.0;267.8;SERRA;Falta de Atenção à Condução;Colisão transversal;Com Vítimas Feridas;Plena Noite;Decrescente;Chuva;Dupla;Interseção de vias;Sim;3;0;1;0;2;0;1;2;-20.19931;-40.26885
210092.0;2019-05-17;sexta-feira;16:15:00;101.0;162.9;LINHARES;Velocidade Incompatível;Saída de leito carroçável;Com Vítimas Feridas;Pleno dia;Decrescente;Chuva;Simples;Reta;Não;1;0;0;1;0;0;1;1;-19.49015;-40.12624