id;data_inversa;dia_semana;horario;br;km;municipio;causa_acidente;tipo_acidente;classificacao_acidente;fase_dia;sentido_via;condicao_metereologica;tipo_pista;tracado_via;uso_solo;pessoas;mortos;feridos_leves;feridos_graves;ilesos;ignorados;feridos;veiculos;latitude;longitude
212730.0;2019-05-31;sexta-feira;15:10:00;101.0;287;CARIACICA;Falta de Atenção à Condução;Colisão traseira;Sem Vítimas;Pleno dia;Decrescente;Céu Claro;Dupla;Reta;Sim;2;0;0;0;2;0;0;2;-20.26494;-40.38472
212747.0;2019-05-31;sexta-feira;16:50:00;101.0;256;SERRA;Falta de Atenção à Condução;Colisão traseira;Com Vítimas Feridas;Anoitecer;Crescente;Céu Claro;Dupla;Reta;Não;2;0;1;0;0;1;1;2;-20.11912;-40.31101
261554.0;2019-05-31;sexta-feira;16:30:00;101.0;254;SERRA;Não guardar distância de segurança;Colisão traseira;Com Vítimas Feridas;Pleno dia;Crescente;Céu Claro;Dupla;Reta;Não;4;0;1;1;2;0;2;3;-20.11314;-40.32342
212750.0;2019-05-31;sexta-feira;17:00:00;101.0;146.5;LINHARES;Falta de Atenção à Condução;Colisão transversal;Com Vítimas Feridas;Anoitecer;Crescente;Céu Claro;Múltipla;Reta;Sim;2;0;1;0;1;0;1;2;-19.37339;-40.06575
212755.0;2019-05-31;sexta-feira;17:30:00;101.0;445.5;MIMOSO DO SUL;Pista Escorregadia;Queda de ocupante de veículo;Com Vítimas Feridas;Anoitecer;Crescente;Céu Claro;Simples;Reta;Não;1;0;0;1;0;0;1;1;-21.11046;-41.26351
230617.0;2019-05-31;sexta-feira;12:20:00;262.0;4;CARIACICA;Falta de Atenção à Condução;Colisão traseira;Com Vítimas Feridas;Pleno dia;Crescente;Céu Claro;Múltipla;Reta;Sim;2;0;0;1;0;1;1;2;-20.33609;-40.37813
212668.0;2019-05-31;sexta-feira;08:20:00;101.0;298;VIANA;Falta de Atenção à Condução;Queda de ocupante de veículo;Com Vítimas Feridas;Pleno dia;Decrescente;Céu Claro;Dupla;Reta;Sim;1;0;1;0;0;0;1;1;-20.35374;-40.41564
212982.0;2019-06-01;sábado;19:30:00;101.0;299.2;VIANA;Falta de Atenção à Condução;Colisão com objeto estático;Com Vítimas Feridas;Plena Noite;Crescente;Céu Claro;Múltipla;Reta;Sim;2;0;2;0;0;0;2;1;-20.35861;-40.42328
213023.0;2019-06-01;sábado;23:00:00;482.0;62;JERONIMO MONTEIRO;Falta de Atenção à Condução;Queda de ocupante de veículo;Com Vítimas Feridas;Plena Noite;Decrescente;Céu Claro;Simples;Reta;Não;1;0;0;1;0;0;1;1;-20.79349;-41.3791
212943.0;2019-06-01;sábado;14:50:00;101.0;270.2;SERRA;Falta de Atenção à Condução;Colisão traseira;Sem Vítimas;Pleno dia;Decrescente;Céu Claro;Dupla;Reta;Sim;2;0;0;0;2;0;0;2;-20.22662;-40.27075
212906.0;2019-06-01;sábado;09:50:00;101.0;146.1;LINHARES;Desobediência às normas de trânsito pelo condutor;Colisão transversal;Com Vítimas Feridas;Pleno dia;Decrescente;Céu Claro;Simples;Reta;Sim;3;0;1;1;1;0;2;2;-19.36991;-40.06561
213011.0;2019-06-01;sábado;22:10:00;101.0;425.3;ATILIO VIVACQUA;Ingestão de Álcool;Colisão frontal;Com Vítimas Fatais;Plena Noite;Decrescente;Chuva;Simples;Reta;Não;3;1;0;0;2;0;0;2;-21.00134;-41.13197
212884.0;2019-06-01;sábado;08:10:00;101.0;66;SAO MATEUS;Não guardar distância de segurança;Colisão traseira;Com Vítimas Feridas;Pleno dia;Crescente;Céu Claro;Dupla;Reta;Sim;2;0;1;0;1;0;1;2;-18.71904;-39.86967
227604.0;2019-06-01;sábado;13:10:00;101.0;67;SAO MATEUS;Desobediência às normas de trânsito pelo condutor;Colisão traseira;Com Vítimas Feridas;Pleno dia;Decrescente;Céu Claro;Dupla;Reta;Sim;3;0;0;2;1;0;2;2;-18.72054;-39.86589
213077.0;2019-06-02;domingo;05:40:00;101.0;150;LINHARES;Desobediência às normas de trânsito pelo pedestre;Queda de ocupante de veículo;Com Vítimas Feridas;Amanhecer;Crescente;Nevoeiro/Neblina;Simples;Desvio Temporário;Sim;1;0;1;0;0;0;1;1;-19.40437;-40.06079
213142.0;2019-06-02;domingo;11:00:00;262.0;165;IBATIBA;Animais na Pista;Atropelamento de Animal;Com Vítimas Feridas;Pleno dia;Crescente;Céu Claro;Simples;Curva;Não;1;0;1;0;0;0;1;1;-20.24911;-41.55151
238014.0;2019-06-02;domingo;06:00:00;262.0;157;IBATIBA;Falta de Atenção à Condução;Tombamento;Com Vítimas Feridas;Amanhecer;Crescente;Nevoeiro/Neblina;Simples;Reta;Não;1;0;0;1;0;0;1;1;-20.23103;-41.48811
213197.0;2019-06-02;domingo;17:50:00;262.0;158;IBATIBA;Falta de Atenção à Condução;Colisão traseira;Com Vítimas Feridas;Anoitecer;Decrescente;Céu Claro;Simples;Reta;Sim;2;0;1;0;1;0;1;2;-20.23111;-41.49626
213160.0;2019-06-02;domingo;13:15:00;101.0;439;MIMOSO DO SUL;Velocidade Incompatível;Capotamento;Com Vítimas Feridas;Pleno dia;Crescente;Céu Claro;Simples;Curva;Não;1;0;1;0;0;0;1;1;-21.07265;-41.22787
213391.0;2019-06-03;segunda-feira;12:10:00;262.0;104.3;VENDA NOVA DO IMIGRANTE;Falta de Atenção à Condução;Colisão transversal;Com Vítimas Feridas;Pleno dia;Crescente;Céu Claro;Simples;Interseção de vias;Sim;2;0;1;0;1;0;1;2;-20.33303;-41.12932
213367.0;2019-06-03;segunda-feira;11:30:00;101.0;1;SERRA;Falta de Atenção à Condução;Tombamento;Com Vítimas Feridas;Pleno dia;Crescente;Sol;Dupla;Reta;Sim;1;0;1;0;0;0;1;1;-20.24178;-40.28077
213395.0;2019-06-03;segunda-feira;13:50:00;259.0;58.7;COLATINA;Falta de Atenção à Condução;Colisão transversal;Com Vítimas Feridas;Pleno dia;Crescente;Céu Claro;Simples;Não Informado;Sim;2;0;0;1;1;0;1;2;-19.51447;-40.66079
213360.0;2019-06-03;segunda-feira;11:35:00;262.0;3.5;CARIACICA;Falta de Atenção à Condução;Colisão lateral;Com Vítimas Feridas;Pleno dia;Crescente;Céu Claro;Dupla;Rotatória;Sim;1;0;1;0;0;0;1;1;-20.33374;-40.36911
213361.0;2019-06-03;segunda-feira;11:00:00;101.0;281.7;SERRA;Defeito Mecânico no Veículo;Queda de ocupante de veículo;Com Vítimas Feridas;Pleno dia;Decrescente;Sol;Dupla;Reta;Sim;2;0;1;1;0;0;2;1;-20.22113;-40.35721
236494.0;2019-06-04;terça-feira;07:10:00;101.0;289;CARIACICA;Falta de Atenção à Condução;Colisão lateral;Com Vítimas Feridas;Pleno dia;Decrescente;Céu Claro;Dupla;Reta;Não;2;0;0;1;1;0;1;2;-20.28029;-40.39303
230507.0;2019-06-04;terça-feira;17:45:00;101.0;275;SERRA;Desobediência às normas de trânsito pelo condutor;Colisão lateral;Com Vítimas Feridas;Anoitecer;Crescente;Nublado;Dupla;Reta;Não;3;0;0;2;0;1;2;2;-20.20828;-40.30389
213531.0;2019-06-04;terça-feira;07:45:00;262.0;1;CARIACICA;Falta de Atenção à Condução;Colisão traseira;Com Vítimas Feridas;Pleno dia;Decrescente;Céu Claro;Dupla;Ponte;Não;2;0;2;0;0;0;2;2;-20.32955;-40.35493
213632.0;2019-06-04;terça-feira;19:10:00;101.0;266;SERRA;Desobediência às normas de trânsito pelo condutor;Atropelamento de Pedestre;Com Vítimas Feridas;Plena Noite;Crescente;Vento;Dupla;Reta;Sim;2;0;1;1;0;0;2;1;-20.1902;-40.26829
213640.0;2019-06-04;terça-feira;18:20:00;101.0;293;CARIACICA;Falta de Atenção à Condução;Tombamento;Com Vítimas Feridas;Plena Noite;Decrescente;Céu Claro;Dupla;Reta;Sim;1;0;1;0;0;0;1;1;-20.31526;-40.39567
213660.0;2019-06-04;terça-feira;21:15:00;101.0;145;LINHARES;Falta de Atenção à Condução;Colisão traseira;Com Vítimas Feridas;Plena Noite;Crescente;Céu Claro;Dupla;Reta;Sim;2;0;1;0;1;0;1;2;-19.3609;-40.06464
213670.0;2019-06-04;terça-feira;21:35:00;101.0;266;SERRA;Desobediência às normas de trânsito pelo condutor;Colisão transversal;Com Vítimas Feridas;Plena Noite;Crescente;Céu Claro;Múltipla;Interseção de vias;Sim;2;0;1;0;1;0;1;2;-20.1902;-40.26829
213717.0;2019-06-05;quarta-feira;08:45:00;262.0;3.8;CARIACICA;Falta de Atenção à Condução;Colisão traseira;Com Vítimas Feridas;Pleno dia;Crescente;Céu Claro;Dupla;Interseção de vias;Sim;1;0;1;0;0;0;1;1;-20.33374;-40.36911
234332.0;2019-06-05;quarta-feira;18:45:00;262.0;188;IUNA;Defeito na Via;Colisão lateral;Com Vítimas Feridas;Plena Noite;Crescente;Céu Claro;Simples;Reta;Não;2;0;0;1;1;0;1;2;-20.31502;-41.72912
213729.0;2019-06-05;quarta-feira;12:00:00;101.0;183;ARACRUZ;Desobediência às normas de trânsito pelo condutor;Capotamento;Com Vítimas Feridas;Pleno dia;Crescente;Céu Claro;Simples;Curva;Não;2;0;2;0;0;0;2;1;-19.64708;-40.23287
213775.0;2019-06-05;quarta-feira;15:50:00;101.0;148.5;LINHARES;Falta de Atenção à Condução;Saída de leito carroçável;Com Vítimas Feridas;Pleno dia;Crescente;Céu Claro;Múltipla;Reta;Sim;1;0;0;1;0;0;1;1;-19.38787;-40.06753
213839.0;2019-06-05;quarta-feira;21:00:00;101.0;360;ANCHIETA;Velocidade Incompatível;Saída de leito carroçável;Com Vítimas Feridas;Plena Noite;Crescente;Chuva;Simples;Curva;Não;1;0;1;0;0;0;1;1;-20.70436;-40.71735
213711.0;2019-06-05;quarta-feira;06:45:00;101.0;298.2;VIANA;Falta de Atenção à Condução;Atropelamento de Pedestre;Com Vítimas Feridas;Pleno dia;Decrescente;Céu Claro;Dupla;Reta;Sim;2;0;1;0;0;1;1;1;-20.35456;-40.41607
258417.0;2019-06-06;quinta-feira;18:40:00;101.0;267;SERRA;Falta de Atenção à Condução;Colisão transversal;Com Vítimas Feridas;Plena Noite;Crescente;Céu Claro;Dupla;Interseção de vias;Sim;2;0;0;1;1;0;1;2;-20.19931;-40.26885
218144.0;2019-06-06;quinta-feira;07:30:00;482.0;69.4;ALEGRE;Velocidade Incompatível;Colisão transversal;Com Vítimas Feridas;Pleno dia;Decrescente;Céu Claro;Simples;Curva;Não;3;0;2;0;0;1;2;2;-20.769;-41.42867
230211.0;2019-06-06;quinta-feira;21:00:00;101.0;311.9;VILA VELHA;Desobediência às normas de trânsito pelo condutor;Colisão transversal;Com Vítimas Feridas;Plena Noite;Crescente;Céu Claro;Simples;Reta;Não;3;0;0;1;0;2;1;2;-20.43478;-40.45964
232767.0;2019-06-06;quinta-feira;16:40:00;101.0;204;JOAO NEIVA;Desobediência às normas de trânsito pelo condutor;Colisão frontal;Com Vítimas Feridas;Pleno dia;Decrescente;Céu Claro;Simples;Reta;Sim;2;0;0;1;1;0;1;2;-19.74949;-40.37923
213900.0;2019-06-06;quinta-feira;10:15:00;101.0;144.3;LINHARES;Falta de Atenção à Condução;Colisão traseira;Com Vítimas Feridas;Pleno dia;Decrescente;Céu Claro;Múltipla;Reta;Sim;2;0;0;1;1;0;1;2;-19.35188;-40.06367
213857.0;2019-06-06;quinta-feira;05:30:00;101.0;130;SOORETAMA;Falta de Atenção à Condução;Colisão frontal;Com Vítimas Feridas;Amanhecer;Decrescente;Nublado;Múltipla;Reta;Não;4;0;2;1;1;0;3;2;-19.22995;-40.09267
213930.0;2019-06-06;quinta-feira;14:30:00;101.0;47;CONCEICAO DA BARRA;Falta de Atenção à Condução;Colisão lateral;Com Vítimas Feridas;Pleno dia;Crescente;Céu Claro;Simples;Reta;Não;3;0;3;0;0;0;3;2;-18.56004;-39.90021
213975.0;2019-06-06;quinta-feira;19:00:00;101.0;66;SAO MATEUS;Falta de Atenção à Condução;Colisão traseira;Com Vítimas Feridas;Plena Noite;Crescente;Céu Claro;Simples;Reta;Sim;2;0;1;0;1;0;1;2;-18.71652;-39.87436
213991.0;2019-06-06;quinta-feira;20:30:00;262.0;4.3;CARIACICA;Ingestão de Álcool;Atropelamento de Pedestre;Sem Vítimas;Plena Noite;Crescente;Nublado;Dupla;Reta;Sim;2;0;0;0;2;0;0;1;-20.33678;-40.37957
214001.0;2019-06-06;quinta-feira;17:45:00;101.0;108;SOORETAMA;Falta de Atenção à Condução;Queda de ocupante de veículo;Com Vítimas Feridas;Anoitecer;Crescente;Céu Claro;Simples;Reta;Não;2;0;1;0;1;0;1;1;-19.0458;-40.0268
213853.0;2019-06-06;quinta-feira;05:40:00;101.0;279;SERRA;Falta de Atenção à Condução;Colisão transversal;Com Vítimas Feridas;Amanhecer;Crescente;Céu Claro;Dupla;Interseção de vias;Não;2;0;1;0;1;0;1;2;-20.21812;-40.33933
213875.0;2019-06-06;quinta-feira;07:20:00;101.0;116;SOORETAMA;Falta de Atenção à Condução;Tombamento;Com Vítimas Feridas;Pleno dia;Crescente;Céu Claro;Simples;Reta;Não;2;0;1;0;1;0;1;1;-19.11117;-40.059
214057.0;2019-06-07;sexta-feira;06:40:00;101.0;285.4;CARIACICA;Falta de Atenção à Condução;Colisão transversal;Com Vítimas Feridas;Pleno dia;Decrescente;Nublado;Dupla;Reta;Sim;2;0;2;0;0;0;2;2;-20.25449;-40.37471
230395.0;2019-06-07;sexta-feira;17:55:00;101.0;150.5;LINHARES;Falta de Atenção à Condução;Colisão transversal;Com Vítimas Feridas;Anoitecer;Crescente;Chuva;Simples;Interseção de vias;Sim;4;0;2;1;1;0;3;2;-19.40437;-40.06079
214066.0;2019-06-07;sexta-feira;08:00:00;101.0;268;SERRA;Pista Escorregadia;Tombamento;Com Vítimas Feridas;Pleno dia;Crescente;Chuva;Múltipla;Reta;Não;1;0;1;0;0;0;1;1;-20.20842;-40.2694
214092.0;2019-06-07;sexta-feira;09:05:00;262.0;63.7;MARECHAL FLORIANO;Não guardar distância de segurança;Colisão lateral;Com Vítimas Feridas;Pleno dia;Crescente;Nublado;Simples;Reta;Não;2;0;1;0;1;0;1;2;-20.42077;-40.80814
214103.0;2019-06-07;sexta-feira;09:30:00;101.0;140.6;LINHARES;Não guardar distância de segurança;Colisão traseira;Sem Vítimas;Pleno dia;Crescente;Nublado;Múltipla;Reta;Sim;2;0;0;0;2;0;0;2;-19.31817;-40.07552
214104.0;2019-06-07;sexta-feira;09:40:00;101.0;270.6;SERRA;Falta de Atenção à Condução;Colisão lateral;Com Vítimas Feridas;Pleno dia;Decrescente;Céu Claro;Múltipla;Reta;Sim;2;0;0;1;1;0;1;2;-20.23097;-40.27347
214139.0;2019-06-07;sexta-feira;13:00:00;262.0;21;VIANA;Pista Escorregadia;Queda de ocupante de veículo;Com Vítimas Feridas;Pleno dia;Decrescente;Chuva;Simples;Reta;Não;2;0;2;0;0;0;2;1;-20.38054;-40.50498
214185.0;2019-06-07;sexta-feira;16:50:00;101.0;264.1;SERRA;Falta de Atenção à Condução;Colisão traseira;Com Vítimas Feridas;Anoitecer;Decrescente;Nublado;Simples;Interseção de vias;Sim;4;0;3;0;1;0;3;2;-20.17293;-40.26736
214219.0;2019-06-07;sexta-feira;18:10:00;101.0;295;CARIACICA;Não guardar distância de segurança;Colisão traseira;Sem Vítimas;Plena Noite;Decrescente;Nublado;Dupla;Reta;Sim;3;0;0;0;3;0;0;3;-20.33224;-40.40005
214237.0;2019-06-07;sexta-feira;21:53:00;262.0;4.6;CARIACICA;Desobediência às normas de trânsito pelo pedestre;Atropelamento de Pedestre;Com Vítimas Feridas;Plena Noite;Decrescente;Céu Claro;Dupla;Desvio Temporário;Sim;2;0;0;2;0;0;2;1;-20.33609;-40.37813
214162.0;2019-06-07;sexta-feira;15:45:00;262.0;34.9;DOMINGOS MARTINS;Velocidade Incompatível;Colisão frontal;Com Vítimas Feridas;Pleno dia;Crescente;Chuva;Simples;Curva;Não;4;0;3;0;1;0;3;2;-20.3731;-40.59176
214393.0;2019-06-08;sábado;15:45:00;262.0;187.5;IUNA;Falta de Atenção à Condução;Colisão transversal;Com Vítimas Feridas;Pleno dia;Crescente;Céu Claro;Simples;Curva;Não;4;0;1;1;2;0;2;2;-20.31375;-41.71948
214271.0;2019-06-08;sábado;01:55:00;262.0;158.3;IBATIBA;Condutor Dormindo;Colisão lateral;Com Vítimas Feridas;Plena Noite;Decrescente;Céu Claro;Simples;Reta;Sim;2;0;1;0;1;0;1;2;-20.23111;-41.49626
230634.0;2019-06-08;sábado;16:40:00;262.0;18.2;VIANA;Desobediência às normas de trânsito pelo condutor;Colisão lateral;Com Vítimas Feridas;Pleno dia;Crescente;Céu Claro;Simples;Reta;Sim;8;0;0;5;3;0;5;3;-20.39137;-40.4808
214444.0;2019-06-08;sábado;18:50:00;262.0;4.2;CARIACICA;Ingestão de Álcool;Colisão traseira;Com Vítimas Feridas;Anoitecer;Decrescente;Céu Claro;Dupla;Reta;Sim;5;0;1;0;2;2;1;3;-20.33609;-40.37813
221977.0;2019-06-08;sábado;08:04:00;101.0;4.4;ICONHA;Falta de Atenção à Condução;Colisão lateral;Com Vítimas Feridas;Pleno dia;Decrescente;Céu Claro;Dupla;Reta;Não;2;0;1;0;1;0;1;2;-20.80825;-40.80637
214462.0;2019-06-08;sábado;20:00:00;101.0;256;SERRA;Ingestão de Álcool;Colisão transversal;Com Vítimas Feridas;Plena Noite;Crescente;Céu Claro;Dupla;Viaduto;Sim;2;0;0;1;1;0;1;2;-20.11912;-40.31101
214522.0;2019-06-08;sábado;21:30:00;259.0;58;COLATINA;Falta de Atenção à Condução;Tombamento;Com Vítimas Feridas;Plena Noite;Decrescente;Céu Claro;Dupla;Reta;Não;1;0;1;0;0;0;1;1;-19.51447;-40.66079
214685.0;2019-06-09;domingo;20:10:00;482.0;21.4;CACHOEIRO DE ITAPEMIRIM;Ingestão de Álcool;Queda de ocupante de veículo;Com Vítimas Feridas;Plena Noite;Crescente;Nublado;Simples;Rotatória;Não;1;0;0;1;0;0;1;1;-20.80188;-41.08128
214623.0;2019-06-09;domingo;16:30:00;101.0;314;VILA VELHA;Não guardar distância de segurança;Colisão traseira;Com Vítimas Feridas;Pleno dia;Crescente;Nublado;Simples;Não Informado;Não;5;0;3;0;2;0;3;4;-20.46116;-40.46533
230802.0;2019-06-09;domingo;19:00:00;393.0;10;CACHOEIRO DE ITAPEMIRIM;Velocidade Incompatível;Atropelamento de Animal;Com Vítimas Feridas;Plena Noite;Crescente;Céu Claro;Simples;Reta;Não;1;0;0;1;0;0;1;1;-20.84255;-41.24027
214736.0;2019-06-09;domingo;23:50:00;101.0;66.7;SAO MATEUS;Falta de Atenção à Condução;Queda de ocupante de veículo;Com Vítimas Feridas;Plena Noite;Crescente;Nublado;Dupla;Reta;Sim;1;0;0;1;0;0;1;1;-18.71652;-39.87436
247508.0;2019-06-09;domingo;12:00:00;262.0;65.1;MARECHAL FLORIANO;Falta de Atenção à Condução;Colisão com objeto estático;Com Vítimas Feridas;Pleno dia;Crescente;Céu Claro;Simples;Curva;Não;2;0;0;2;0;0;2;1;-20.41443;-40.82302
214900.0;2019-06-10;segunda-feira;18:25:00;262.0;2.8;CARIACICA;Falta de Atenção à Condução;Colisão traseira;Com Vítimas Feridas;Plena Noite;Crescente;Chuva;Múltipla;Reta;Sim;2;0;0;1;1;0;1;2;-20.33276;-40.36078
214936.0;2019-06-10;segunda-feira;22:10:00;101.0;260;SERRA;Velocidade Incompatível;Colisão com objeto estático;Com Vítimas Fatais;Plena Noite;Crescente;Céu Claro;Dupla;Curva;Sim;1;1;0;0;0;0;0;1;-20.14616;-40.28836
214749.0;2019-06-10;segunda-feira;01:20:00;101.0;298.3;VIANA;Velocidade Incompatível;Colisão com objeto estático;Com Vítimas Feridas;Plena Noite;Decrescente;Chuva;Dupla;Não Informado;Sim;2;0;0;1;0;1;1;1;-20.35374;-40.41564
232772.0;2019-06-10;segunda-feira;23:00:00;101.0;246.3;SERRA;Velocidade Incompatível;Tombamento;Com Vítimas Fatais;Plena Noite;Crescente;Garoa/Chuvisco;Simples;Curva;Não;5;3;1;1;0;0;2;2;-20.06746;-40.37085
233681.0;2019-06-10;segunda-feira;10:20:00;262.0;6.8;CARIACICA;Falta de Atenção à Condução;Colisão lateral;Com Vítimas Feridas;Pleno dia;Crescente;Nublado;Múltipla;Não Informado;Sim;2;0;0;1;0;1;1;2;-20.34007;-40.39451
214853.0;2019-06-10;segunda-feira;14:20:00;262.0;1.3;CARIACICA;Defeito na Via;Queda de ocupante de veículo;Com Vítimas Feridas;Pleno dia;Decrescente;Chuva;Dupla;Ponte;Sim;3;0;1;0;1;1;1;1;-20.32955;-40.35493
215065.0;2019-06-11;terça-feira;15:00:00;262.0;4;CARIACICA;Defeito Mecânico no Veículo;Queda de ocupante de veículo;Com Vítimas Feridas;Pleno dia;Crescente;Céu Claro;Dupla;Reta;Sim;1;0;1;0;0;0;1;1;-20.33609;-40.37813
215023.0;2019-06-11;terça-feira;13:00:00;101.0;0.3;SERRA;Falta de Atenção à Condução;Colisão traseira;Sem Vítimas;Pleno dia;Crescente;Céu Claro;Dupla;Reta;Sim;2;0;0;0;2;0;0;2;-20.12909;-40.30812
214962.0;2019-06-11;terça-feira;05:54:00;101.0;296;CARIACICA;Falta de Atenção à Condução;Tombamento;Com Vítimas Feridas;Pleno dia;Decrescente;Céu Claro;Múltipla;Reta;Sim;1;0;0;1;0;0;1;1;-20.3403;-40.40406
215029.0;2019-06-11;terça-feira;13:15:00;101.0;285.5;CARIACICA;Ingestão de Álcool;Colisão lateral;Sem Vítimas;Pleno dia;Decrescente;Céu Claro;Dupla;Reta;Sim;3;0;0;0;3;0;0;2;-20.2558;-40.37574
215084.0;2019-06-11;terça-feira;19:00:00;101.0;146.7;LINHARES;Falta de Atenção à Condução;Colisão traseira;Com Vítimas Feridas;Plena Noite;Crescente;Céu Claro;Múltipla;Reta;Sim;2;0;1;0;1;0;1;2;-19.36991;-40.06561
215089.0;2019-06-11;terça-feira;19:20:00;101.0;292.9;CARIACICA;Falta de Atenção à Condução;Colisão com objeto estático;Com Vítimas Feridas;Plena Noite;Decrescente;Céu Claro;Múltipla;Interseção de vias;Sim;1;0;1;0;0;0;1;1;-20.31463;-40.39523
215064.0;2019-06-11;terça-feira;16:40:00;101.0;271.6;SERRA;Falta de Atenção à Condução;Colisão traseira;Com Vítimas Feridas;Pleno dia;Crescente;Céu Claro;Múltipla;Interseção de vias;Sim;3;0;1;0;1;1;1;2;-20.22932;-40.28174
215277.0;2019-06-12;quarta-feira;18:50:00;101.0;214;IBIRACU;Avarias e/ou desgaste excessivo no pneu;Queda de ocupante de veículo;Sem Vítimas;Plena Noite;Crescente;Céu Claro;Simples;Curva;Não;1;0;0;0;0;1;0;1;-19.82999;-40.37211
215166.0;2019-06-12;quarta-feira;07:50:00;262.0;5;CARIACICA;Falta de Atenção à Condução;Colisão lateral;Sem Vítimas;Pleno dia;Decrescente;Céu Claro;Dupla;Reta;Não;3;0;0;0;2;1;0;2;-20.33707;-40.3865
215176.0;2019-06-12;quarta-feira;09:50:00;101.0;269;SERRA;Não guardar distância de segurança;Queda de ocupante de veículo;Com Vítimas Feridas;Pleno dia;Decrescente;Nublado;Múltipla;Reta;Sim;1;0;1;0;0;0;1;1;-20.2174;-40.26998
215187.0;2019-06-12;quarta-feira;10:20:00;101.0;298.1;VIANA;Falta de Atenção do Pedestre;Atropelamento de Pedestre;Com Vítimas Feridas;Pleno dia;Decrescente;Nublado;Dupla;Curva;Sim;2;0;2;0;0;0;2;1;-20.35374;-40.41564
229876.0;2019-06-12;quarta-feira;10:50:00;101.0;2.8;SERRA;Mal Súbito;Queda de ocupante de veículo;Com Vítimas Feridas;Pleno dia;Decrescente;Ignorado;Dupla;Não Informado;Sim;2;0;1;0;0;1;1;1;-20.23691;-40.27775
215247.0;2019-06-12;quarta-feira;17:45:00;101.0;395.5;RIO NOVO DO SUL;Falta de Atenção à Condução;Colisão transversal;Com Vítimas Feridas;Plena Noite;Crescente;Nublado;Simples;Curva;Sim;2;0;0;1;1;0;1;2;-20.86594;-40.93258
215276.0;2019-06-12;quarta-feira;18:30:00;101.0;269.5;SERRA;Falta de Atenção à Condução;Tombamento;Com Vítimas Feridas;Plena Noite;Crescente;Nublado;Dupla;Reta;Sim;1;0;1;0;0;0;1;1;-20.2174;-40.26991
215294.0;2019-06-12;quarta-feira;19:00:00;101.0;292;CARIACICA;Falta de Atenção à Condução;Colisão lateral;Com Vítimas Feridas;Anoitecer;Crescente;Nublado;Simples;Curva;Sim;2;0;1;0;1;0;1;2;-20.30651;-40.39489
215306.0;2019-06-12;quarta-feira;21:15:00;262.0;3.8;CARIACICA;Falta de Atenção à Condução;Colisão lateral;Com Vítimas Feridas;Plena Noite;Decrescente;Chuva;Dupla;Reta;Sim;3;0;2;0;1;0;2;2;-20.33374;-40.36911
231505.0;2019-06-13;quinta-feira;18:15:00;101.0;157.5;LINHARES;Desobediência às normas de trânsito pelo condutor;Colisão lateral;Com Vítimas Feridas;Plena Noite;Crescente;Garoa/Chuvisco;Simples;Reta;Não;2;0;0;1;0;1;1;2;-19.45345;-40.09963
215458.0;2019-06-13;quinta-feira;16:20:00;101.0;269.8;SERRA;Falta de Atenção à Condução;Colisão lateral;Com Vítimas Feridas;Pleno dia;Decrescente;Céu Claro;Múltipla;Reta;Sim;3;0;2;0;1;0;2;2;-20.2174;-40.26991
215405.0;2019-06-13;quinta-feira;11:05:00;101.0;68;SAO MATEUS;Não guardar distância de segurança;Colisão traseira;Com Vítimas Feridas;Pleno dia;Decrescente;Céu Claro;Simples;Reta;Sim;3;0;1;0;2;0;1;3;-18.7266;-39.85975
237621.0;2019-06-13;quinta-feira;17:40:00;101.0;288.9;CARIACICA;Falta de Atenção do Pedestre;Atropelamento de Pedestre;Com Vítimas Fatais;Anoitecer;Crescente;Céu Claro;Dupla;Reta;Sim;2;1;0;0;1;0;0;1;-20.2716;-40.39092
215612.0;2019-06-14;sexta-feira;16:15:00;262.0;4.8;CARIACICA;Falta de Atenção à Condução;Colisão transversal;Com Vítimas Feridas;Anoitecer;Decrescente;Céu Claro;Múltipla;Reta;Sim;2;0;1;0;1;0;1;2;-20.33823;-40.38499
215629.0;2019-06-14;sexta-feira;17:14:00;101.0;147;LINHARES;Falta de Atenção à Condução;Colisão transversal;Com Vítimas Feridas;Anoitecer;Decrescente;Céu Claro;Dupla;Retorno Regulamentado;Sim;2;0;1;0;1;0;1;2;-19.37887;-40.06658
215648.0;2019-06-14;sexta-feira;18:25:00;101.0;295.4;CARIACICA;Falta de Atenção à Condução;Colisão lateral;Com Vítimas Feridas;Plena Noite;Crescente;Céu Claro;Dupla;Reta;Sim;3;0;1;0;2;0;1;2;-20.33224;-40.40005
215649.0;2019-06-14;sexta-feira;18:15:00;101.0;69;SAO MATEUS;Falta de Atenção à Condução;Colisão frontal;Com Vítimas Feridas;Plena Noite;Decrescente;Nublado;Simples;Não Informado;Não;2;0;2;0;0;0;2;2;-18.73556;-39.8607