id;data_inversa;dia_semana;horario;br;km;municipio;causa_acidente;tipo_acidente;classificacao_acidente;fase_dia;sentido_via;condicao_metereologica;tipo_pista;tracado_via;uso_solo;pessoas;mortos;feridos_leves;feridos_graves;ilesos;ignorados;feridos;veiculos;latitude;longitude
221008.0;2019-07-09;terça-feira;18:50:00;101.0;227.3;FUNDAO;Desobediência às normas de trânsito pelo condutor;Colisão lateral;Com Vítimas Feridas;Plena Noite;Decrescente;Nublado;Simples;Reta;Não;5;0;0;1;4;0;1;5;-19.90985;-40.40684
221204.0;2019-07-10;quarta-feira;16:00:00;259.0;8.3;JOAO NEIVA;Falta de Atenção à Condução;Tombamento;Com Vítimas Feridas;Pleno dia;Decrescente;Sol;Simples;Curva;Não;1;0;1;0;0;0;1;1;-19.68073;-40.39142
236748.0;2019-07-10;quarta-feira;08:00:00;262.0;5.7;CARIACICA;Falta de Atenção à Condução;Colisão traseira;Com Vítimas Feridas;Pleno dia;Crescente;Céu Claro;Dupla;Reta;Sim;2;0;0;1;0;1;1;2;-20.33707;-40.3865
221177.0;2019-07-10;quarta-feira;16:20:00;101.0;141;LINHARES;Velocidade Incompatível;Capotamento;Com Vítimas Feridas;Pleno dia;Crescente;Céu Claro;Simples;Reta;Sim;1;0;1;0;0;0;1;1;-19.32656;-40.07192
221176.0;2019-07-10;quarta-feira;16:40:00;262.0;4.5;CARIACICA;Desobediência às normas de trânsito pelo condutor;Queda de ocupante de veículo;Com Vítimas Feridas;Pleno dia;Decrescente;Céu Claro;Dupla;Reta;Sim;2;0;1;0;1;0;1;2;-20.33609;-40.37813
221131.0;2019-07-10;quarta-feira;12:00:00;101.0;295;CARIACICA;Falta de Atenção à Condução;Colisão com objeto estático;Com Vítimas Feridas;Pleno dia;Decrescente;Céu Claro;Dupla;Reta;Sim;1;0;1;0;0;0;1;1;-20.33224;-40.40005
221130.0;2019-07-10;quarta-feira;12:20:00;262.0;4;CARIACICA;Falta de Atenção à Condução;Colisão traseira;Com Vítimas Feridas;Pleno dia;Decrescente;Céu Claro;Dupla;Reta;Sim;3;0;0;1;2;0;1;2;-20.33609;-40.37813
221119.0;2019-07-10;quarta-feira;11:45:00;101.0;35.9;CONCEICAO DA BARRA;Falta de Atenção à Condução;Colisão lateral;Sem Vítimas;Pleno dia;Crescente;Céu Claro;Simples;Curva;Não;2;0;0;0;2;0;0;2;-18.45417;-39.93076
221049.0;2019-07-10;quarta-feira;01:40:00;101.0;310.6;VIANA;Condutor Dormindo;Colisão frontal;Com Vítimas Fatais;Plena Noite;Crescente;Nublado;Simples;Reta;Não;2;1;0;0;1;0;0;2;-20.4259;-40.46037
221211.0;2019-07-10;quarta-feira;19:30:00;262.0;169.3;IBATIBA;Falta de Atenção à Condução;Colisão traseira;Com Vítimas Feridas;Plena Noite;Crescente;Céu Claro;Simples;Interseção de vias;Não;2;0;0;1;0;1;1;2;-20.26411;-41.58072
221117.0;2019-07-10;quarta-feira;10:40:00;101.0;187.3;ARACRUZ;Falta de Atenção do Pedestre;Colisão transversal;Com Vítimas Feridas;Pleno dia;Crescente;Nublado;Simples;Reta;Não;2;0;1;0;1;0;1;2;-19.67083;-40.25621
221108.0;2019-07-10;quarta-feira;10:50:00;262.0;4.1;CARIACICA;Falta de Atenção à Condução;Colisão traseira;Com Vítimas Feridas;Pleno dia;Decrescente;Céu Claro;Múltipla;Reta;Sim;3;0;1;0;2;0;1;3;-20.33609;-40.37813
221091.0;2019-07-10;quarta-feira;08:45:00;101.0;1.5;SERRA;Restrição de Visibilidade;Colisão lateral;Com Vítimas Feridas;Pleno dia;Decrescente;Céu Claro;Dupla;Reta;Sim;2;0;1;0;0;1;1;2;-20.25171;-40.28726
221072.0;2019-07-10;quarta-feira;08:15:00;101.0;297.5;CARIACICA;Não guardar distância de segurança;Colisão lateral;Com Vítimas Feridas;Pleno dia;Crescente;Sol;Dupla;Reta;Sim;2;0;0;1;1;0;1;2;-20.3453;-40.41027
221987.0;2019-07-10;quarta-feira;16:45:00;262.0;4.5;CARIACICA;Desobediência às normas de trânsito pelo condutor;Queda de ocupante de veículo;Com Vítimas Feridas;Pleno dia;Decrescente;Céu Claro;Dupla;Reta;Sim;2;0;1;1;0;0;2;1;-20.33609;-40.37813
221221.0;2019-07-10;quarta-feira;19:50:00;101.0;145;LINHARES;Falta de Atenção à Condução;Colisão transversal;Com Vítimas Feridas;Plena Noite;Crescente;Céu Claro;Simples;Interseção de vias;Sim;3;0;2;0;1;0;2;2;-19.35876;-40.06435
233161.0;2019-07-10;quarta-feira;13:25:00;393.0;10.1;CACHOEIRO DE ITAPEMIRIM;Desobediência às normas de trânsito pelo condutor;Colisão transversal;Com Vítimas Feridas;Pleno dia;Crescente;Céu Claro;Simples;Curva;Sim;2;0;1;0;1;0;1;2;-20.84255;-41.24027
221480.0;2019-07-11;quinta-feira;20:30:00;262.0;85.9;DOMINGOS MARTINS;Pista Escorregadia;Tombamento;Com Vítimas Feridas;Plena Noite;Decrescente;Céu Claro;Simples;Curva;Não;1;0;1;0;0;0;1;1;-20.39816;-40.99243
221436.0;2019-07-11;quinta-feira;21:00:00;101.0;219;IBIRACU;Objeto estático sobre o leito carroçável;Tombamento;Com Vítimas Feridas;Plena Noite;Crescente;Nublado;Dupla;Curva;Não;2;0;2;0;0;0;2;1;-19.8646;-40.38337
221431.0;2019-07-11;quinta-feira;20:00:00;101.0;119;SOORETAMA;Falta de Atenção à Condução;Colisão traseira;Com Vítimas Feridas;Plena Noite;Decrescente;Céu Claro;Simples;Reta;Não;2;0;0;2;0;0;2;1;-19.13567;-40.07109
221422.0;2019-07-11;quinta-feira;19:15:00;482.0;99;GUACUI;Velocidade Incompatível;Queda de ocupante de veículo;Com Vítimas Feridas;Plena Noite;Crescente;Céu Claro;Simples;Curva;Não;1;0;0;1;0;0;1;1;-20.77171;-41.62619
221362.0;2019-07-11;quinta-feira;14:20:00;101.0;265.2;SERRA;Falta de Atenção à Condução;Colisão lateral;Com Vítimas Feridas;Pleno dia;Crescente;Céu Claro;Múltipla;Reta;Sim;3;0;1;0;2;0;1;3;-20.18168;-40.26536
221327.0;2019-07-11;quinta-feira;10:50:00;101.0;147;LINHARES;Não guardar distância de segurança;Colisão traseira;Com Vítimas Feridas;Pleno dia;Decrescente;Nublado;Simples;Reta;Sim;3;0;1;0;0;2;1;2;-19.37887;-40.06658
221298.0;2019-07-11;quinta-feira;08:40:00;101.0;269;SERRA;Falta de Atenção à Condução;Colisão lateral;Com Vítimas Feridas;Pleno dia;Decrescente;Nublado;Múltipla;Reta;Sim;3;0;2;0;1;0;2;2;-20.2174;-40.26991
221266.0;2019-07-11;quinta-feira;04:10:00;101.0;120.4;SOORETAMA;Defeito Mecânico no Veículo;Tombamento;Com Vítimas Feridas;Plena Noite;Crescente;Nublado;Simples;Não Informado;Não;1;0;1;0;0;0;1;1;-19.14385;-40.0751
221285.0;2019-07-11;quinta-feira;06:40:00;101.0;2;SERRA;Não guardar distância de segurança;Colisão traseira;Com Vítimas Feridas;Pleno dia;Decrescente;Céu Claro;Dupla;Reta;Não;2;0;1;0;1;0;1;2;-20.12909;-40.30812
225183.0;2019-07-12;sexta-feira;17:55:00;101.0;141;LINHARES;Falta de Atenção à Condução;Colisão transversal;Com Vítimas Feridas;Plena Noite;Crescente;Céu Claro;Simples;Retorno Regulamentado;Sim;3;0;1;0;2;0;1;2;-19.32656;-40.07192
221491.0;2019-07-12;sexta-feira;06:50:00;101.0;266.8;SERRA;Falta de Atenção à Condução;Colisão lateral;Com Vítimas Feridas;Pleno dia;Crescente;Sol;Múltipla;Reta;Sim;2;0;1;0;1;0;1;2;-20.1902;-40.26829
221540.0;2019-07-12;sexta-feira;13:00:00;259.0;87.3;BAIXO GUANDU;Velocidade Incompatível;Saída de leito carroçável;Com Vítimas Feridas;Pleno dia;Crescente;Céu Claro;Simples;Reta;Não;1;0;0;1;0;0;1;1;-19.50711;-40.93258
221562.0;2019-07-12;sexta-feira;14:00:00;101.0;225;IBIRACU;Não guardar distância de segurança;Colisão traseira;Com Vítimas Feridas;Pleno dia;Crescente;Céu Claro;Simples;Reta;Não;3;0;1;0;2;0;1;2;-19.90285;-40.40859
221568.0;2019-07-12;sexta-feira;14:30:00;101.0;299.8;VIANA;Falta de Atenção à Condução;Colisão transversal;Com Vítimas Feridas;Pleno dia;Crescente;Céu Claro;Simples;Retorno Regulamentado;Sim;3;0;1;0;2;0;1;2;-20.35861;-40.42328
221575.0;2019-07-12;sexta-feira;15:30:00;101.0;176;LINHARES;Não guardar distância de segurança;Colisão traseira;Com Vítimas Feridas;Pleno dia;Crescente;Céu Claro;Simples;Reta;Não;2;0;0;1;1;0;1;2;-19.59524;-40.19835
221580.0;2019-07-12;sexta-feira;15:30:00;101.0;144.9;LINHARES;Não guardar distância de segurança;Colisão traseira;Com Vítimas Feridas;Pleno dia;Crescente;Céu Claro;Simples;Reta;Sim;2;0;1;0;1;0;1;2;-19.35188;-40.06367
221617.0;2019-07-12;sexta-feira;17:40:00;262.0;92;DOMINGOS MARTINS;Ingestão de Álcool;Colisão frontal;Com Vítimas Feridas;Plena Noite;Crescente;Céu Claro;Simples;Curva;Não;3;0;0;1;1;1;1;2;-20.37836;-41.04242
221642.0;2019-07-12;sexta-feira;18:50:00;101.0;294;CARIACICA;Não guardar distância de segurança;Colisão com objeto estático;Sem Vítimas;Plena Noite;Crescente;Nublado;Dupla;Não Informado;Sim;3;0;0;0;3;0;0;3;-20.32416;-40.39529
221901.0;2019-07-13;sábado;20:10:00;101.0;398;RIO NOVO DO SUL;Velocidade Incompatível;Saída de leito carroçável;Com Vítimas Feridas;Plena Noite;Crescente;Ignorado;Simples;Curva;Não;2;0;2;0;0;0;2;1;-20.8753;-40.95793
221836.0;2019-07-13;sábado;18:00:00;101.0;293;CARIACICA;Falta de Atenção à Condução;Colisão traseira;Com Vítimas Feridas;Plena Noite;Decrescente;Céu Claro;Múltipla;Reta;Sim;2;0;1;0;1;0;1;2;-20.31526;-40.39567
221731.0;2019-07-13;sábado;05:55:00;101.0;308;VIANA;Velocidade Incompatível;Saída de leito carroçável;Sem Vítimas;Amanhecer;Crescente;Céu Claro;Simples;Reta;Não;1;0;0;0;1;0;0;1;-20.40809;-40.45835
221798.0;2019-07-13;sábado;13:48:00;101.0;375;ICONHA;Mal Súbito;Colisão com objeto estático;Com Vítimas Feridas;Pleno dia;Crescente;Céu Claro;Simples;Reta;Não;1;0;0;1;0;0;1;1;-20.78856;-40.79561
222653.0;2019-07-13;sábado;01:40:00;101.0;348;GUARAPARI;Falta de Atenção à Condução;Atropelamento de Pedestre;Com Vítimas Feridas;Plena Noite;Crescente;Nublado;Simples;Curva;Não;2;0;0;1;1;0;1;2;-20.65106;-40.63527
222127.0;2019-07-14;domingo;20:10:00;101.0;330.3;GUARAPARI;Ingestão de Álcool;Colisão traseira;Com Vítimas Feridas;Pleno dia;Crescente;Céu Claro;Simples;Curva;Não;3;0;2;0;0;1;2;2;-20.593;-40.50134
222143.0;2019-07-14;domingo;21:00:00;262.0;103.2;VENDA NOVA DO IMIGRANTE;Falta de Atenção do Pedestre;Atropelamento de Pedestre;Com Vítimas Feridas;Plena Noite;Decrescente;Céu Claro;Simples;Reta;Não;2;0;1;0;1;0;1;1;-20.33657;-41.12202
225586.0;2019-07-14;domingo;21:25:00;101.0;429.7;ATILIO VIVACQUA;Ingestão de Álcool;Colisão lateral;Com Vítimas Feridas;Plena Noite;Crescente;Céu Claro;Simples;Curva;Não;5;0;1;0;4;0;1;2;-21.02566;-41.15891
227104.0;2019-07-14;domingo;14:00:00;262.0;155.7;IBATIBA;Falta de Atenção à Condução;Colisão lateral;Com Vítimas Feridas;Pleno dia;Decrescente;Sol;Simples;Reta;Não;3;0;2;0;1;0;2;2;-20.22652;-41.47056
222110.0;2019-07-14;domingo;19:00:00;482.0;100.5;GUACUI;Ingestão de Álcool;Queda de ocupante de veículo;Com Vítimas Feridas;Plena Noite;Crescente;Céu Claro;Simples;Curva;Sim;1;0;0;1;0;0;1;1;-20.77683;-41.63177
222105.0;2019-07-14;domingo;19:05:00;101.0;2.5;SERRA;Falta de Atenção à Condução;Colisão lateral;Com Vítimas Feridas;Plena Noite;Decrescente;Nublado;Dupla;Reta;Sim;3;0;2;0;1;0;2;2;-20.2353;-40.27647
222137.0;2019-07-14;domingo;17:00:00;101.0;232;FUNDAO;Ingestão de Álcool;Colisão lateral;Sem Vítimas;Pleno dia;Decrescente;Céu Claro;Dupla;Reta;Não;2;0;0;0;2;0;0;2;-19.95224;-40.4088
222000.0;2019-07-14;domingo;10:20:00;101.0;137.1;LINHARES;Falta de Atenção à Condução;Colisão lateral;Com Vítimas Feridas;Pleno dia;Decrescente;Céu Claro;Simples;Reta;Não;2;0;1;0;0;1;1;2;-19.29308;-40.08592
222009.0;2019-07-14;domingo;10:45:00;101.0;147;LINHARES;Falta de Atenção à Condução;Colisão traseira;Com Vítimas Feridas;Pleno dia;Crescente;Céu Claro;Simples;Reta;Sim;2;0;1;0;1;0;1;2;-19.37887;-40.06658
222074.0;2019-07-14;domingo;17:30:00;101.0;457.7;MIMOSO DO SUL;Falta de Atenção à Condução;Colisão lateral;Com Vítimas Feridas;Anoitecer;Crescente;Céu Claro;Simples;Interseção de vias;Não;4;0;2;0;2;0;2;2;-21.19405;-41.29778
222102.0;2019-07-14;domingo;19:20:00;101.0;288.4;CARIACICA;Pista Escorregadia;Tombamento;Com Vítimas Feridas;Plena Noite;Decrescente;Céu Claro;Dupla;Reta;Sim;2;0;2;0;0;0;2;1;-20.2716;-40.39092
225649.0;2019-07-15;segunda-feira;03:30:00;101.0;154.5;LINHARES;Ingestão de Substâncias Psicoativas;Saída de leito carroçável;Sem Vítimas;Plena Noite;Crescente;Céu Claro;Simples;Reta;Não;1;0;0;0;1;0;0;1;-19.43088;-40.08394
222229.0;2019-07-15;segunda-feira;08:50:00;101.0;269.5;SERRA;Falta de Atenção à Condução;Colisão lateral;Com Vítimas Feridas;Pleno dia;Decrescente;Céu Claro;Simples;Interseção de vias;Sim;3;0;1;0;2;0;1;3;-20.2174;-40.26991
222246.0;2019-07-15;segunda-feira;10:55:00;101.0;269.8;SERRA;Falta de Atenção à Condução;Queda de ocupante de veículo;Com Vítimas Feridas;Pleno dia;Crescente;Sol;Múltipla;Reta;Sim;2;0;2;0;0;0;2;2;-20.2174;-40.26991
222257.0;2019-07-15;segunda-feira;10:25:00;262.0;84.4;DOMINGOS MARTINS;Falta de Atenção à Condução;Colisão lateral;Com Vítimas Feridas;Pleno dia;Crescente;Céu Claro;Simples;Não Informado;Não;3;0;2;0;1;0;2;2;-20.40387;-40.97557
222278.0;2019-07-15;segunda-feira;13:40:00;101.0;222.8;IBIRACU;Não guardar distância de segurança;Colisão traseira;Com Vítimas Feridas;Pleno dia;Decrescente;Sol;Simples;Reta;Não;5;0;3;0;2;0;3;3;-19.86968;-40.40916
222298.0;2019-07-15;segunda-feira;16:00:00;101.0;0;SERRA;Defeito Mecânico no Veículo;Tombamento;Com Vítimas Feridas;Pleno dia;Crescente;Sol;Múltipla;Curva;Sim;1;0;1;0;0;0;1;1;-20.22662;-40.27075
227470.0;2019-07-15;segunda-feira;12:10:00;262.0;62;MARECHAL FLORIANO;Falta de Atenção à Condução;Colisão traseira;Com Vítimas Feridas;Pleno dia;Decrescente;Céu Claro;Simples;Reta;Não;4;0;1;0;1;2;1;3;-20.4263;-40.79613
222305.0;2019-07-15;segunda-feira;16:50:00;101.0;10;PEDRO CANARIO;Ingestão de Álcool;Queda de ocupante de veículo;Com Vítimas Feridas;Pleno dia;Decrescente;Sol;Simples;Reta;Não;2;0;0;1;0;1;1;1;-18.24799;-39.95344
222337.0;2019-07-15;segunda-feira;18:30:00;101.0;35.4;CONCEICAO DA BARRA;Velocidade Incompatível;Colisão lateral;Com Vítimas Feridas;Anoitecer;Decrescente;Céu Claro;Simples;Retorno Regulamentado;Não;2;0;0;1;1;0;1;2;-18.45972;-39.92998
222341.0;2019-07-15;segunda-feira;20:10:00;101.0;255;SERRA;Ingestão de Álcool;Atropelamento de Pedestre;Com Vítimas Feridas;Plena Noite;Crescente;Céu Claro;Simples;Interseção de vias;Não;3;0;0;1;1;1;1;1;-20.11488;-40.31944
222402.0;2019-07-16;terça-feira;08:30:00;101.0;270.6;SERRA;Desobediência às normas de trânsito pelo condutor;Colisão lateral;Com Vítimas Feridas;Pleno dia;Decrescente;Sol;Dupla;Retorno Regulamentado;Sim;3;0;1;1;0;1;2;2;-20.22662;-40.27075
222432.0;2019-07-16;terça-feira;12:15:00;101.0;293.4;VIANA;Falta de Atenção do Pedestre;Atropelamento de Pedestre;Com Vítimas Feridas;Pleno dia;Crescente;Sol;Múltipla;Reta;Sim;2;0;2;0;0;0;2;1;-20.31526;-40.39567
222563.0;2019-07-17;quarta-feira;03:00:00;101.0;144.8;LINHARES;Condutor Dormindo;Colisão com objeto estático;Sem Vítimas;Plena Noite;Crescente;Céu Claro;Dupla;Reta;Sim;1;0;0;0;1;0;0;1;-19.35188;-40.06367
222581.0;2019-07-17;quarta-feira;06:10:00;101.0;269.9;SERRA;Não guardar distância de segurança;Colisão traseira;Com Vítimas Feridas;Pleno dia;Decrescente;Nublado;Dupla;Interseção de vias;Sim;2;0;1;0;1;0;1;2;-20.2174;-40.26991
222601.0;2019-07-17;quarta-feira;10:30:00;101.0;299.3;VIANA;Falta de Atenção à Condução;Colisão traseira;Com Vítimas Feridas;Pleno dia;Decrescente;Céu Claro;Múltipla;Reta;Sim;3;0;1;0;2;0;1;3;-20.35861;-40.42328
222663.0;2019-07-17;quarta-feira;17:20:00;101.0;287;CARIACICA;Falta de Atenção do Pedestre;Atropelamento de Pedestre;Com Vítimas Feridas;Pleno dia;Decrescente;Céu Claro;Dupla;Curva;Sim;3;0;0;1;1;1;1;1;-20.26494;-40.38472
222650.0;2019-07-17;quarta-feira;13:04:00;101.0;368;ANCHIETA;Velocidade Incompatível;Colisão lateral;Com Vítimas Feridas;Pleno dia;Decrescente;Céu Claro;Simples;Curva;Não;3;0;1;0;2;0;1;3;-20.75375;-40.75895
222655.0;2019-07-17;quarta-feira;16:00:00;259.0;91;BAIXO GUANDU;Velocidade Incompatível;Saída de leito carroçável;Com Vítimas Feridas;Pleno dia;Decrescente;Céu Claro;Simples;Reta;Não;4;0;3;1;0;0;4;1;-19.50857;-40.92126
222656.0;2019-07-17;quarta-feira;15:30:00;101.0;146.6;LINHARES;Falta de Atenção à Condução;Colisão transversal;Com Vítimas Feridas;Pleno dia;Decrescente;Nublado;Múltipla;Reta;Sim;3;0;2;0;1;0;2;2;-19.36991;-40.06561
222745.0;2019-07-18;quinta-feira;04:00:00;101.0;298.7;CARIACICA;Ingestão de Álcool;Colisão com objeto estático;Sem Vítimas;Plena Noite;Decrescente;Céu Claro;Múltipla;Reta;Sim;1;0;0;0;1;0;0;1;-20.35374;-40.41564
222765.0;2019-07-18;quinta-feira;06:45:00;262.0;28.9;DOMINGOS MARTINS;Defeito Mecânico no Veículo;Saída de leito carroçável;Com Vítimas Feridas;Pleno dia;Crescente;Chuva;Simples;Curva;Não;1;0;1;0;0;0;1;1;-20.38427;-40.55863
222749.0;2019-07-18;quinta-feira;05:25:00;101.0;281.8;SERRA;Falta de Atenção à Condução;Saída de leito carroçável;Com Vítimas Feridas;Amanhecer;Crescente;Chuva;Dupla;Reta;Não;1;0;1;0;0;0;1;1;-20.22113;-40.35721
222771.0;2019-07-18;quinta-feira;06:45:00;101.0;386.9;ICONHA;Velocidade Incompatível;Colisão frontal;Com Vítimas Feridas;Pleno dia;Crescente;Nublado;Simples;Curva;Não;2;0;1;0;1;0;1;2;-20.75547;-40.7573
222876.0;2019-07-18;quinta-feira;18:00:00;101.0;293.1;CARIACICA;Falta de Atenção à Condução;Colisão transversal;Com Vítimas Feridas;Plena Noite;Decrescente;Nublado;Múltipla;Reta;Sim;2;0;1;0;1;0;1;2;-20.31526;-40.39567
222897.0;2019-07-18;quinta-feira;20:15:00;101.0;324;GUARAPARI;Falta de Atenção à Condução;Saída de leito carroçável;Com Vítimas Feridas;Plena Noite;Decrescente;Céu Claro;Simples;Reta;Não;2;0;1;0;1;0;1;1;-20.54592;-40.48156
222821.0;2019-07-18;quinta-feira;13:00:00;101.0;410.8;ITAPEMIRIM;Falta de Atenção à Condução;Colisão lateral;Com Vítimas Feridas;Pleno dia;Decrescente;Nublado;Simples;Reta;Não;8;0;2;4;1;1;6;3;-20.90298;-41.05986
222933.0;2019-07-19;sexta-feira;00:15:00;262.0;24.3;VIANA;Velocidade Incompatível;Tombamento;Sem Vítimas;Plena Noite;Decrescente;Chuva;Simples;Curva;Não;1;0;0;0;1;0;0;1;-20.37918;-40.52625
222991.0;2019-07-19;sexta-feira;10:45:00;101.0;269.5;SERRA;Desobediência às normas de trânsito pelo condutor;Colisão transversal;Com Vítimas Feridas;Pleno dia;Crescente;Chuva;Múltipla;Interseção de vias;Sim;6;0;4;0;2;0;4;4;-20.22203;-40.27047
224925.0;2019-07-19;sexta-feira;20:20:00;262.0;36.4;DOMINGOS MARTINS;Desobediência às normas de trânsito pelo condutor;Colisão frontal;Com Vítimas Feridas;Plena Noite;Crescente;Céu Claro;Simples;Curva;Não;4;0;3;1;0;0;4;2;-20.38264;-40.6033
223108.0;2019-07-19;sexta-feira;19:50:00;101.0;294;CARIACICA;Defeito na Via;Colisão frontal;Com Vítimas Feridas;Plena Noite;Decrescente;Nublado;Múltipla;Não Informado;Sim;2;0;0;1;1;0;1;2;-20.32416;-40.39529
223047.0;2019-07-19;sexta-feira;07:00:00;101.0;293;CARIACICA;Desobediência às normas de trânsito pelo condutor;Colisão transversal;Com Vítimas Feridas;Pleno dia;Decrescente;Nublado;Múltipla;Interseção de vias;Sim;4;0;0;3;0;1;3;2;-20.31526;-40.39567
223043.0;2019-07-19;sexta-feira;15:30:00;101.0;1;SERRA;Defeito na Via;Tombamento;Com Vítimas Feridas;Pleno dia;Crescente;Sol;Dupla;Reta;Sim;1;0;1;0;0;0;1;1;-20.24498;-40.28349
223003.0;2019-07-19;sexta-feira;10:50:00;482.0;90;ALEGRE;Falta de Atenção à Condução;Saída de leito carroçável;Com Vítimas Feridas;Pleno dia;Crescente;Céu Claro;Simples;Reta;Não;1;0;1;0;0;0;1;1;-20.76062;-41.56211
223064.0;2019-07-19;sexta-feira;16:00:00;101.0;293;CARIACICA;Não guardar distância de segurança;Colisão traseira;Com Vítimas Feridas;Pleno dia;Crescente;Nublado;Dupla;Reta;Sim;3;0;2;0;1;0;2;2;-20.31526;-40.39567
229920.0;2019-07-19;sexta-feira;00:30:00;101.0;269;SERRA;Desobediência às normas de trânsito pelo condutor;Colisão transversal;Com Vítimas Feridas;Plena Noite;Crescente;Nublado;Múltipla;Não Informado;Sim;2;0;1;0;0;1;1;2;-20.2297;-40.27279
223082.0;2019-07-19;sexta-feira;17:30:00;101.0;222;IBIRACU;Falta de Atenção à Condução;Queda de ocupante de veículo;Com Vítimas Feridas;Anoitecer;Crescente;Nublado;Simples;Reta;Não;3;0;2;0;0;1;2;2;-19.86968;-40.40916
222987.0;2019-07-19;sexta-feira;10:40:00;262.0;31.2;DOMINGOS MARTINS;Falta de Atenção à Condução;Colisão frontal;Com Vítimas Feridas;Pleno dia;Crescente;Chuva;Simples;Curva;Não;4;0;3;0;1;0;3;2;-20.38051;-40.56831
223294.0;2019-07-20;sábado;15:00:00;101.0;327.7;GUARAPARI;Condutor Dormindo;Saída de leito carroçável;Com Vítimas Feridas;Pleno dia;Crescente;Nublado;Simples;Reta;Não;1;0;1;0;0;0;1;1;-20.57231;-40.48456
223261.0;2019-07-20;sábado;12:30:00;101.0;256.9;SERRA;Não guardar distância de segurança;Colisão traseira;Com Vítimas Feridas;Pleno dia;Crescente;Céu Claro;Dupla;Interseção de vias;Sim;2;0;1;0;1;0;1;2;-20.11912;-40.31101
223258.0;2019-07-20;sábado;06:00:00;482.0;103.3;GUACUI;Velocidade Incompatível;Saída de leito carroçável;Com Vítimas Feridas;Amanhecer;Crescente;Ignorado;Simples;Curva;Não;2;0;2;0;0;0;2;1;-20.78558;-41.652
223205.0;2019-07-20;sábado;05:50:00;101.0;269.5;SERRA;Desobediência às normas de trânsito pelo condutor;Colisão transversal;Com Vítimas Feridas;Amanhecer;Crescente;Chuva;Dupla;Interseção de vias;Sim;2;0;1;1;0;0;2;2;-20.2174;-40.26991
239150.0;2019-07-20;sábado;18:40:00;101.0;301.6;VIANA;Desobediência às normas de trânsito pelo condutor;Colisão lateral;Sem Vítimas;Plena Noite;Crescente;Chuva;Múltipla;Interseção de vias;Sim;2;0;0;0;2;0;0;2;-20.36278;-40.44013
223375.0;2019-07-20;sábado;19:15:00;101.0;292;CARIACICA;Falta de Atenção à Condução;Colisão com objeto estático;Com Vítimas Feridas;Plena Noite;Crescente;Chuva;Simples;Desvio Temporário;Não;3;0;2;1;0;0;3;1;-20.30601;-40.39517
250055.0;2019-07-20;sábado;18:26:00;101.0;298;VIANA;Defeito na Via;Queda de ocupante de veículo;Com Vítimas Feridas;Plena Noite;Decrescente;Ignorado;Dupla;Reta;Sim;1;0;0;1;0;0;1;1;-20.35644;-40.41789
223170.0;2019-07-20;sábado;01:15:00;101.0;296;CARIACICA;Falta de Atenção à Condução;Colisão traseira;Com Vítimas Feridas;Plena Noite;Crescente;Chuva;Dupla;Reta;Sim;2;0;1;0;1;0;1;2;-20.3403;-40.40406
223384.0;2019-07-20;sábado;21:15:00;101.0;306.4;VIANA;Defeito Mecânico no Veículo;Queda de ocupante de veículo;Com Vítimas Feridas;Plena Noite;Decrescente;Chuva;Simples;Não Informado;Não;1;0;0;1;0;0;1;1;-20.39179;-40.46265
223613.0;2019-07-21;domingo;18:25:00;101.0;175.5;ARACRUZ;Falta de Atenção à Condução;Colisão traseira;Sem Vítimas;Plena Noite;Crescente;Nublado;Simples;Reta;Não;2;0;0;0;1;1;0;2;-19.58855;-40.19197
223582.0;2019-07-21;domingo;18:15:00;101.0;239.7;FUNDAO;Falta de Atenção à Condução;Colisão transversal;Com Vítimas Feridas;Plena Noite;Decrescente;Chuva;Simples;Reta;Não;2;0;1;0;1;0;1;2;-20.01126;-40.40643
223558.0;2019-07-21;domingo;15:30:00;101.0;296;CARIACICA;Falta de Atenção à Condução;Capotamento;Com Vítimas Feridas;Pleno dia;Decrescente;Céu Claro;Dupla;Viaduto;Sim;4;0;1;0;3;0;1;1;-20.3437;-40.40651
223660.0;2019-07-21;domingo;21:55:00;101.0;372.6;ICONHA;Falta de Atenção à Condução;Colisão traseira;Com Vítimas Feridas;Plena Noite;Crescente;Céu Claro;Simples;Curva;Não;3;0;1;0;2;0;1;2;-20.77215;-40.77696
223557.0;2019-07-21;domingo;15:40:00;101.0;297;VIANA;Não guardar distância de segurança;Colisão traseira;Com Vítimas Feridas;Pleno dia;Decrescente;Céu Claro;Dupla;Reta;Sim;3;0;1;0;1;1;1;2;-20.3453;-40.41027